22:29:28 INFO database.client - Supabase client initialised (service key)
22:29:28 INFO httpx - HTTP Request: GET https://ytlsqyzwoivtmvznojzb.supabase.co/rest/v1/watchlist_staging?select=%2A&order=days_in_stage.desc "HTTP/2 200 OK"
22:29:28 INFO httpx - HTTP Request: GET https://ytlsqyzwoivtmvznojzb.supabase.co/rest/v1/lot_sizes?select=symbol%2Clot_size "HTTP/2 200 OK"
22:29:28 INFO pipeline.orchestrator - Pipeline start: SESSION_20260527 | 50 symbols
22:29:28 INFO httpx - HTTP Request: POST https://ytlsqyzwoivtmvznojzb.supabase.co/rest/v1/analysis_sessions "HTTP/2 409 Conflict"
22:29:28 INFO pipeline.orchestrator - Session SESSION_20260527 already exists — continuing
22:29:28 INFO httpx - HTTP Request: PATCH https://ytlsqyzwoivtmvznojzb.supabase.co/rest/v1/analysis_sessions?session_id=eq.SESSION_20260527 "HTTP/2 200 OK"
22:29:28 INFO httpx - HTTP Request: GET https://ytlsqyzwoivtmvznojzb.supabase.co/rest/v1/kite_tokens?select=%2A&user_id=eq.primary "HTTP/2 200 OK"
22:29:30 INFO integrations.telegram - Telegram message sent (id=39, silent=True)
22:29:30 INFO pipeline.orchestrator - Stage 2.5: OI Continuous Series Builder...
22:29:30 INFO httpx - HTTP Request: GET https://ytlsqyzwoivtmvznojzb.supabase.co/rest/v1/price_history?select=date%2Copen%2Chigh%2Clow%2Cclose%2Cvolume&symbol=eq.ADANIENT&order=date.desc&limit=5 "HTTP/2 200 OK"
22:29:30 INFO httpx - HTTP Request: GET https://ytlsqyzwoivtmvznojzb.supabase.co/rest/v1/futures_continuous_series?select=%2A&symbol=eq.ADANIENT&date=eq.2026-05-27 "HTTP/2 200 OK"
22:29:30 INFO httpx - HTTP Request: PATCH https://ytlsqyzwoivtmvznojzb.supabase.co/rest/v1/futures_continuous_series?symbol=eq.ADANIENT&date=eq.2026-05-27 "HTTP/2 200 OK"
22:29:30 INFO httpx - HTTP Request: GET https://ytlsqyzwoivtmvznojzb.supabase.co/rest/v1/options_snapshots?select=%2A&symbol=eq.ADANIENT&snapshot_date=eq.2026-05-27&order=expiry_date.asc%2Cstrike.asc "HTTP/2 200 OK"
22:29:30 INFO httpx - HTTP Request: GET https://ytlsqyzwoivtmvznojzb.supabase.co/rest/v1/continuous_oi_series?select=%2A&symbol=eq.ADANIENT&order=date.desc&limit=2 "HTTP/2 200 OK"
22:29:30 INFO httpx - HTTP Request: POST https://ytlsqyzwoivtmvznojzb.supabase.co/rest/v1/continuous_oi_series?on_conflict=symbol%2Cdate "HTTP/2 200 OK"
22:29:30 INFO httpx - HTTP Request: GET https://ytlsqyzwoivtmvznojzb.supabase.co/rest/v1/price_history?select=date%2Copen%2Chigh%2Clow%2Cclose%2Cvolume&symbol=eq.ADANIPORTS&order=date.desc&limit=5 "HTTP/2 200 OK"
22:29:30 INFO httpx - HTTP Request: GET https://ytlsqyzwoivtmvznojzb.supabase.co/rest/v1/futures_continuous_series?select=%2A&symbol=eq.ADANIPORTS&date=eq.2026-05-27 "HTTP/2 200 OK"
22:29:30 INFO httpx - HTTP Request: PATCH https://ytlsqyzwoivtmvznojzb.supabase.co/rest/v1/futures_continuous_series?symbol=eq.ADANIPORTS&date=eq.2026-05-27 "HTTP/2 200 OK"
22:29:30 INFO httpx - HTTP Request: GET https://ytlsqyzwoivtmvznojzb.supabase.co/rest/v1/options_snapshots?select=%2A&symbol=eq.ADANIPORTS&snapshot_date=eq.2026-05-27&order=expiry_date.asc%2Cstrike.asc "HTTP/2 200 OK"
22:29:30 INFO httpx - HTTP Request: GET https://ytlsqyzwoivtmvznojzb.supabase.co/rest/v1/continuous_oi_series?select=%2A&symbol=eq.ADANIPORTS&order=date.desc&limit=2 "HTTP/2 200 OK"
22:29:30 INFO httpx - HTTP Request: POST https://ytlsqyzwoivtmvznojzb.supabase.co/rest/v1/continuous_oi_series?on_conflict=symbol%2Cdate "HTTP/2 200 OK"
22:29:30 INFO httpx - HTTP Request: GET https://ytlsqyzwoivtmvznojzb.supabase.co/rest/v1/price_history?select=date%2Copen%2Chigh%2Clow%2Cclose%2Cvolume&symbol=eq.APOLLOHOSP&order=date.desc&limit=5 "HTTP/2 200 OK"
22:29:30 INFO httpx - HTTP Request: GET https://ytlsqyzwoivtmvznojzb.supabase.co/rest/v1/futures_continuous_series?select=%2A&symbol=eq.APOLLOHOSP&date=eq.2026-05-27 "HTTP/2 200 OK"
22:29:30 INFO httpx - HTTP Request: PATCH https://ytlsqyzwoivtmvznojzb.supabase.co/rest/v1/futures_continuous_series?symbol=eq.APOLLOHOSP&date=eq.2026-05-27 "HTTP/2 200 OK"
22:29:30 INFO httpx - HTTP Request: GET https://ytlsqyzwoivtmvznojzb.supabase.co/rest/v1/options_snapshots?select=%2A&symbol=eq.APOLLOHOSP&snapshot_date=eq.2026-05-27&order=expiry_date.asc%2Cstrike.asc "HTTP/2 200 OK"
22:29:30 INFO httpx - HTTP Request: GET https://ytlsqyzwoivtmvznojzb.supabase.co/rest/v1/continuous_oi_series?select=%2A&symbol=eq.APOLLOHOSP&order=date.desc&limit=2 "HTTP/2 200 OK"
22:29:30 INFO httpx - HTTP Request: POST https://ytlsqyzwoivtmvznojzb.supabase.co/rest/v1/continuous_oi_series?on_conflict=symbol%2Cdate "HTTP/2 200 OK"
22:29:30 INFO httpx - HTTP Request: GET https://ytlsqyzwoivtmvznojzb.supabase.co/rest/v1/price_history?select=date%2Copen%2Chigh%2Clow%2Cclose%2Cvolume&symbol=eq.ASIANPAINT&order=date.desc&limit=5 "HTTP/2 200 OK"
22:29:31 INFO httpx - HTTP Request: GET https://ytlsqyzwoivtmvznojzb.supabase.co/rest/v1/futures_continuous_series?select=%2A&symbol=eq.ASIANPAINT&date=eq.2026-05-27 "HTTP/2 200 OK"
22:29:31 INFO httpx - HTTP Request: PATCH https://ytlsqyzwoivtmvznojzb.supabase.co/rest/v1/futures_continuous_series?symbol=eq.ASIANPAINT&date=eq.2026-05-27 "HTTP/2 200 OK"
22:29:31 INFO httpx - HTTP Request: GET https://ytlsqyzwoivtmvznojzb.supabase.co/rest/v1/options_snapshots?select=%2A&symbol=eq.ASIANPAINT&snapshot_date=eq.2026-05-27&order=expiry_date.asc%2Cstrike.asc "HTTP/2 200 OK"
22:29:31 INFO httpx - HTTP Request: GET https://ytlsqyzwoivtmvznojzb.supabase.co/rest/v1/continuous_oi_series?select=%2A&symbol=eq.ASIANPAINT&order=date.desc&limit=2 "HTTP/2 200 OK"
22:29:31 INFO httpx - HTTP Request: POST https://ytlsqyzwoivtmvznojzb.supabase.co/rest/v1/continuous_oi_series?on_conflict=symbol%2Cdate "HTTP/2 200 OK"
22:29:31 INFO httpx - HTTP Request: GET https://ytlsqyzwoivtmvznojzb.supabase.co/rest/v1/price_history?select=date%2Copen%2Chigh%2Clow%2Cclose%2Cvolume&symbol=eq.AXISBANK&order=date.desc&limit=5 "HTTP/2 200 OK"
22:29:31 INFO httpx - HTTP Request: GET https://ytlsqyzwoivtmvznojzb.supabase.co/rest/v1/futures_continuous_series?select=%2A&symbol=eq.AXISBANK&date=eq.2026-05-27 "HTTP/2 200 OK"
22:29:31 INFO httpx - HTTP Request: PATCH https://ytlsqyzwoivtmvznojzb.supabase.co/rest/v1/futures_continuous_series?symbol=eq.AXISBANK&date=eq.2026-05-27 "HTTP/2 200 OK"
22:29:31 INFO httpx - HTTP Request: GET https://ytlsqyzwoivtmvznojzb.supabase.co/rest/v1/options_snapshots?select=%2A&symbol=eq.AXISBANK&snapshot_date=eq.2026-05-27&order=expiry_date.asc%2Cstrike.asc "HTTP/2 200 OK"
22:29:31 INFO httpx - HTTP Request: GET https://ytlsqyzwoivtmvznojzb.supabase.co/rest/v1/continuous_oi_series?select=%2A&symbol=eq.AXISBANK&order=date.desc&limit=2 "HTTP/2 200 OK"
22:29:31 INFO httpx - HTTP Request: POST https://ytlsqyzwoivtmvznojzb.supabase.co/rest/v1/continuous_oi_series?on_conflict=symbol%2Cdate "HTTP/2 200 OK"
22:29:31 INFO httpx - HTTP Request: GET https://ytlsqyzwoivtmvznojzb.supabase.co/rest/v1/price_history?select=date%2Copen%2Chigh%2Clow%2Cclose%2Cvolume&symbol=eq.BAJAJ-AUTO&order=date.desc&limit=5 "HTTP/2 200 OK"
22:29:31 INFO httpx - HTTP Request: GET https://ytlsqyzwoivtmvznojzb.supabase.co/rest/v1/futures_continuous_series?select=%2A&symbol=eq.BAJAJ-AUTO&date=eq.2026-05-27 "HTTP/2 200 OK"
22:29:31 INFO httpx - HTTP Request: PATCH https://ytlsqyzwoivtmvznojzb.supabase.co/rest/v1/futures_continuous_series?symbol=eq.BAJAJ-AUTO&date=eq.2026-05-27 "HTTP/2 200 OK"
22:29:31 INFO httpx - HTTP Request: GET https://ytlsqyzwoivtmvznojzb.supabase.co/rest/v1/options_snapshots?select=%2A&symbol=eq.BAJAJ-AUTO&snapshot_date=eq.2026-05-27&order=expiry_date.asc%2Cstrike.asc "HTTP/2 200 OK"
22:29:31 INFO httpx - HTTP Request: GET https://ytlsqyzwoivtmvznojzb.supabase.co/rest/v1/continuous_oi_series?select=%2A&symbol=eq.BAJAJ-AUTO&order=date.desc&limit=2 "HTTP/2 200 OK"
22:29:31 INFO httpx - HTTP Request: POST https://ytlsqyzwoivtmvznojzb.supabase.co/rest/v1/continuous_oi_series?on_conflict=symbol%2Cdate "HTTP/2 200 OK"
22:29:31 INFO httpx - HTTP Request: GET https://ytlsqyzwoivtmvznojzb.supabase.co/rest/v1/price_history?select=date%2Copen%2Chigh%2Clow%2Cclose%2Cvolume&symbol=eq.BAJAJFINSV&order=date.desc&limit=5 "HTTP/2 200 OK"
22:29:31 INFO httpx - HTTP Request: GET https://ytlsqyzwoivtmvznojzb.supabase.co/rest/v1/futures_continuous_series?select=%2A&symbol=eq.BAJAJFINSV&date=eq.2026-05-27 "HTTP/2 200 OK"
22:29:31 INFO httpx - HTTP Request: PATCH https://ytlsqyzwoivtmvznojzb.supabase.co/rest/v1/futures_continuous_series?symbol=eq.BAJAJFINSV&date=eq.2026-05-27 "HTTP/2 200 OK"
22:29:31 INFO httpx - HTTP Request: GET https://ytlsqyzwoivtmvznojzb.supabase.co/rest/v1/options_snapshots?select=%2A&symbol=eq.BAJAJFINSV&snapshot_date=eq.2026-05-27&order=expiry_date.asc%2Cstrike.asc "HTTP/2 200 OK"
22:29:31 INFO httpx - HTTP Request: GET https://ytlsqyzwoivtmvznojzb.supabase.co/rest/v1/continuous_oi_series?select=%2A&symbol=eq.BAJAJFINSV&order=date.desc&limit=2 "HTTP/2 200 OK"
22:29:32 INFO httpx - HTTP Request: POST https://ytlsqyzwoivtmvznojzb.supabase.co/rest/v1/continuous_oi_series?on_conflict=symbol%2Cdate "HTTP/2 200 OK"
22:29:32 INFO httpx - HTTP Request: GET https://ytlsqyzwoivtmvznojzb.supabase.co/rest/v1/price_history?select=date%2Copen%2Chigh%2Clow%2Cclose%2Cvolume&symbol=eq.BAJFINANCE&order=date.desc&limit=5 "HTTP/2 200 OK"
22:29:32 INFO httpx - HTTP Request: GET https://ytlsqyzwoivtmvznojzb.supabase.co/rest/v1/futures_continuous_series?select=%2A&symbol=eq.BAJFINANCE&date=eq.2026-05-27 "HTTP/2 200 OK"
22:29:32 INFO httpx - HTTP Request: PATCH https://ytlsqyzwoivtmvznojzb.supabase.co/rest/v1/futures_continuous_series?symbol=eq.BAJFINANCE&date=eq.2026-05-27 "HTTP/2 200 OK"
22:29:32 INFO httpx - HTTP Request: GET https://ytlsqyzwoivtmvznojzb.supabase.co/rest/v1/options_snapshots?select=%2A&symbol=eq.BAJFINANCE&snapshot_date=eq.2026-05-27&order=expiry_date.asc%2Cstrike.asc "HTTP/2 200 OK"
22:29:32 INFO httpx - HTTP Request: GET https://ytlsqyzwoivtmvznojzb.supabase.co/rest/v1/continuous_oi_series?select=%2A&symbol=eq.BAJFINANCE&order=date.desc&limit=2 "HTTP/2 200 OK"
22:29:32 INFO httpx - HTTP Request: POST https://ytlsqyzwoivtmvznojzb.supabase.co/rest/v1/continuous_oi_series?on_conflict=symbol%2Cdate "HTTP/2 200 OK"
22:29:32 INFO httpx - HTTP Request: GET https://ytlsqyzwoivtmvznojzb.supabase.co/rest/v1/price_history?select=date%2Copen%2Chigh%2Clow%2Cclose%2Cvolume&symbol=eq.BEL&order=date.desc&limit=5 "HTTP/2 200 OK"
22:29:32 INFO httpx - HTTP Request: GET https://ytlsqyzwoivtmvznojzb.supabase.co/rest/v1/futures_continuous_series?select=%2A&symbol=eq.BEL&date=eq.2026-05-27 "HTTP/2 200 OK"
22:29:32 INFO httpx - HTTP Request: PATCH https://ytlsqyzwoivtmvznojzb.supabase.co/rest/v1/futures_continuous_series?symbol=eq.BEL&date=eq.2026-05-27 "HTTP/2 200 OK"
22:29:32 INFO httpx - HTTP Request: GET https://ytlsqyzwoivtmvznojzb.supabase.co/rest/v1/options_snapshots?select=%2A&symbol=eq.BEL&snapshot_date=eq.2026-05-27&order=expiry_date.asc%2Cstrike.asc "HTTP/2 200 OK"
22:29:32 INFO httpx - HTTP Request: GET https://ytlsqyzwoivtmvznojzb.supabase.co/rest/v1/continuous_oi_series?select=%2A&symbol=eq.BEL&order=date.desc&limit=2 "HTTP/2 200 OK"
22:29:32 INFO httpx - HTTP Request: POST https://ytlsqyzwoivtmvznojzb.supabase.co/rest/v1/continuous_oi_series?on_conflict=symbol%2Cdate "HTTP/2 200 OK"
22:29:32 INFO httpx - HTTP Request: GET https://ytlsqyzwoivtmvznojzb.supabase.co/rest/v1/price_history?select=date%2Copen%2Chigh%2Clow%2Cclose%2Cvolume&symbol=eq.BHARTIARTL&order=date.desc&limit=5 "HTTP/2 200 OK"
22:29:32 INFO httpx - HTTP Request: GET https://ytlsqyzwoivtmvznojzb.supabase.co/rest/v1/futures_continuous_series?select=%2A&symbol=eq.BHARTIARTL&date=eq.2026-05-27 "HTTP/2 200 OK"
22:29:32 INFO httpx - HTTP Request: PATCH https://ytlsqyzwoivtmvznojzb.supabase.co/rest/v1/futures_continuous_series?symbol=eq.BHARTIARTL&date=eq.2026-05-27 "HTTP/2 200 OK"
22:29:32 INFO httpx - HTTP Request: GET https://ytlsqyzwoivtmvznojzb.supabase.co/rest/v1/options_snapshots?select=%2A&symbol=eq.BHARTIARTL&snapshot_date=eq.2026-05-27&order=expiry_date.asc%2Cstrike.asc "HTTP/2 200 OK"
22:29:32 INFO httpx - HTTP Request: GET https://ytlsqyzwoivtmvznojzb.supabase.co/rest/v1/continuous_oi_series?select=%2A&symbol=eq.BHARTIARTL&order=date.desc&limit=2 "HTTP/2 200 OK"
22:29:32 INFO httpx - HTTP Request: POST https://ytlsqyzwoivtmvznojzb.supabase.co/rest/v1/continuous_oi_series?on_conflict=symbol%2Cdate "HTTP/2 200 OK"
22:29:32 INFO httpx - HTTP Request: GET https://ytlsqyzwoivtmvznojzb.supabase.co/rest/v1/price_history?select=date%2Copen%2Chigh%2Clow%2Cclose%2Cvolume&symbol=eq.CIPLA&order=date.desc&limit=5 "HTTP/2 200 OK"
22:29:32 INFO httpx - HTTP Request: GET https://ytlsqyzwoivtmvznojzb.supabase.co/rest/v1/futures_continuous_series?select=%2A&symbol=eq.CIPLA&date=eq.2026-05-27 "HTTP/2 200 OK"
22:29:32 INFO httpx - HTTP Request: PATCH https://ytlsqyzwoivtmvznojzb.supabase.co/rest/v1/futures_continuous_series?symbol=eq.CIPLA&date=eq.2026-05-27 "HTTP/2 200 OK"
22:29:33 INFO httpx - HTTP Request: GET https://ytlsqyzwoivtmvznojzb.supabase.co/rest/v1/options_snapshots?select=%2A&symbol=eq.CIPLA&snapshot_date=eq.2026-05-27&order=expiry_date.asc%2Cstrike.asc "HTTP/2 200 OK"
22:29:33 INFO httpx - HTTP Request: GET https://ytlsqyzwoivtmvznojzb.supabase.co/rest/v1/continuous_oi_series?select=%2A&symbol=eq.CIPLA&order=date.desc&limit=2 "HTTP/2 200 OK"
22:29:33 INFO httpx - HTTP Request: POST https://ytlsqyzwoivtmvznojzb.supabase.co/rest/v1/continuous_oi_series?on_conflict=symbol%2Cdate "HTTP/2 200 OK"
22:29:33 INFO httpx - HTTP Request: GET https://ytlsqyzwoivtmvznojzb.supabase.co/rest/v1/price_history?select=date%2Copen%2Chigh%2Clow%2Cclose%2Cvolume&symbol=eq.COALINDIA&order=date.desc&limit=5 "HTTP/2 200 OK"
22:29:33 INFO httpx - HTTP Request: GET https://ytlsqyzwoivtmvznojzb.supabase.co/rest/v1/futures_continuous_series?select=%2A&symbol=eq.COALINDIA&date=eq.2026-05-27 "HTTP/2 200 OK"
22:29:33 INFO httpx - HTTP Request: PATCH https://ytlsqyzwoivtmvznojzb.supabase.co/rest/v1/futures_continuous_series?symbol=eq.COALINDIA&date=eq.2026-05-27 "HTTP/2 200 OK"
22:29:33 INFO httpx - HTTP Request: GET https://ytlsqyzwoivtmvznojzb.supabase.co/rest/v1/options_snapshots?select=%2A&symbol=eq.COALINDIA&snapshot_date=eq.2026-05-27&order=expiry_date.asc%2Cstrike.asc "HTTP/2 200 OK"
22:29:33 INFO httpx - HTTP Request: GET https://ytlsqyzwoivtmvznojzb.supabase.co/rest/v1/continuous_oi_series?select=%2A&symbol=eq.COALINDIA&order=date.desc&limit=2 "HTTP/2 200 OK"
22:29:33 INFO httpx - HTTP Request: POST https://ytlsqyzwoivtmvznojzb.supabase.co/rest/v1/continuous_oi_series?on_conflict=symbol%2Cdate "HTTP/2 200 OK"
22:29:33 INFO httpx - HTTP Request: GET https://ytlsqyzwoivtmvznojzb.supabase.co/rest/v1/price_history?select=date%2Copen%2Chigh%2Clow%2Cclose%2Cvolume&symbol=eq.DRREDDY&order=date.desc&limit=5 "HTTP/2 200 OK"
22:29:33 INFO httpx - HTTP Request: GET https://ytlsqyzwoivtmvznojzb.supabase.co/rest/v1/futures_continuous_series?select=%2A&symbol=eq.DRREDDY&date=eq.2026-05-27 "HTTP/2 200 OK"
22:29:33 INFO httpx - HTTP Request: PATCH https://ytlsqyzwoivtmvznojzb.supabase.co/rest/v1/futures_continuous_series?symbol=eq.DRREDDY&date=eq.2026-05-27 "HTTP/2 200 OK"
22:29:33 INFO httpx - HTTP Request: GET https://ytlsqyzwoivtmvznojzb.supabase.co/rest/v1/options_snapshots?select=%2A&symbol=eq.DRREDDY&snapshot_date=eq.2026-05-27&order=expiry_date.asc%2Cstrike.asc "HTTP/2 200 OK"
22:29:33 INFO httpx - HTTP Request: GET https://ytlsqyzwoivtmvznojzb.supabase.co/rest/v1/continuous_oi_series?select=%2A&symbol=eq.DRREDDY&order=date.desc&limit=2 "HTTP/2 200 OK"
22:29:33 INFO httpx - HTTP Request: POST https://ytlsqyzwoivtmvznojzb.supabase.co/rest/v1/continuous_oi_series?on_conflict=symbol%2Cdate "HTTP/2 200 OK"
22:29:33 INFO httpx - HTTP Request: GET https://ytlsqyzwoivtmvznojzb.supabase.co/rest/v1/price_history?select=date%2Copen%2Chigh%2Clow%2Cclose%2Cvolume&symbol=eq.EICHERMOT&order=date.desc&limit=5 "HTTP/2 200 OK"
22:29:33 INFO httpx - HTTP Request: GET https://ytlsqyzwoivtmvznojzb.supabase.co/rest/v1/futures_continuous_series?select=%2A&symbol=eq.EICHERMOT&date=eq.2026-05-27 "HTTP/2 200 OK"
22:29:33 INFO httpx - HTTP Request: PATCH https://ytlsqyzwoivtmvznojzb.supabase.co/rest/v1/futures_continuous_series?symbol=eq.EICHERMOT&date=eq.2026-05-27 "HTTP/2 200 OK"
22:29:33 INFO httpx - HTTP Request: GET https://ytlsqyzwoivtmvznojzb.supabase.co/rest/v1/options_snapshots?select=%2A&symbol=eq.EICHERMOT&snapshot_date=eq.2026-05-27&order=expiry_date.asc%2Cstrike.asc "HTTP/2 200 OK"
22:29:33 INFO httpx - HTTP Request: GET https://ytlsqyzwoivtmvznojzb.supabase.co/rest/v1/continuous_oi_series?select=%2A&symbol=eq.EICHERMOT&order=date.desc&limit=2 "HTTP/2 200 OK"
22:29:33 INFO httpx - HTTP Request: POST https://ytlsqyzwoivtmvznojzb.supabase.co/rest/v1/continuous_oi_series?on_conflict=symbol%2Cdate "HTTP/2 200 OK"
22:29:33 INFO httpx - HTTP Request: GET https://ytlsqyzwoivtmvznojzb.supabase.co/rest/v1/price_history?select=date%2Copen%2Chigh%2Clow%2Cclose%2Cvolume&symbol=eq.ETERNAL&order=date.desc&limit=5 "HTTP/2 200 OK"
22:29:34 INFO httpx - HTTP Request: GET https://ytlsqyzwoivtmvznojzb.supabase.co/rest/v1/futures_continuous_series?select=%2A&symbol=eq.ETERNAL&date=eq.2026-05-27 "HTTP/2 200 OK"
22:29:34 INFO httpx - HTTP Request: PATCH https://ytlsqyzwoivtmvznojzb.supabase.co/rest/v1/futures_continuous_series?symbol=eq.ETERNAL&date=eq.2026-05-27 "HTTP/2 200 OK"
22:29:34 INFO httpx - HTTP Request: GET https://ytlsqyzwoivtmvznojzb.supabase.co/rest/v1/options_snapshots?select=%2A&symbol=eq.ETERNAL&snapshot_date=eq.2026-05-27&order=expiry_date.asc%2Cstrike.asc "HTTP/2 200 OK"
22:29:34 INFO httpx - HTTP Request: GET https://ytlsqyzwoivtmvznojzb.supabase.co/rest/v1/continuous_oi_series?select=%2A&symbol=eq.ETERNAL&order=date.desc&limit=2 "HTTP/2 200 OK"
22:29:34 INFO httpx - HTTP Request: POST https://ytlsqyzwoivtmvznojzb.supabase.co/rest/v1/continuous_oi_series?on_conflict=symbol%2Cdate "HTTP/2 200 OK"
22:29:34 INFO httpx - HTTP Request: GET https://ytlsqyzwoivtmvznojzb.supabase.co/rest/v1/price_history?select=date%2Copen%2Chigh%2Clow%2Cclose%2Cvolume&symbol=eq.GRASIM&order=date.desc&limit=5 "HTTP/2 200 OK"
22:29:34 INFO httpx - HTTP Request: GET https://ytlsqyzwoivtmvznojzb.supabase.co/rest/v1/futures_continuous_series?select=%2A&symbol=eq.GRASIM&date=eq.2026-05-27 "HTTP/2 200 OK"
22:29:34 INFO httpx - HTTP Request: PATCH https://ytlsqyzwoivtmvznojzb.supabase.co/rest/v1/futures_continuous_series?symbol=eq.GRASIM&date=eq.2026-05-27 "HTTP/2 200 OK"
22:29:34 INFO httpx - HTTP Request: GET https://ytlsqyzwoivtmvznojzb.supabase.co/rest/v1/options_snapshots?select=%2A&symbol=eq.GRASIM&snapshot_date=eq.2026-05-27&order=expiry_date.asc%2Cstrike.asc "HTTP/2 200 OK"
22:29:34 INFO httpx - HTTP Request: GET https://ytlsqyzwoivtmvznojzb.supabase.co/rest/v1/continuous_oi_series?select=%2A&symbol=eq.GRASIM&order=date.desc&limit=2 "HTTP/2 200 OK"
22:29:34 INFO httpx - HTTP Request: POST https://ytlsqyzwoivtmvznojzb.supabase.co/rest/v1/continuous_oi_series?on_conflict=symbol%2Cdate "HTTP/2 200 OK"
22:29:34 INFO httpx - HTTP Request: GET https://ytlsqyzwoivtmvznojzb.supabase.co/rest/v1/price_history?select=date%2Copen%2Chigh%2Clow%2Cclose%2Cvolume&symbol=eq.HCLTECH&order=date.desc&limit=5 "HTTP/2 200 OK"
22:29:34 INFO httpx - HTTP Request: GET https://ytlsqyzwoivtmvznojzb.supabase.co/rest/v1/futures_continuous_series?select=%2A&symbol=eq.HCLTECH&date=eq.2026-05-27 "HTTP/2 200 OK"
22:29:34 INFO httpx - HTTP Request: PATCH https://ytlsqyzwoivtmvznojzb.supabase.co/rest/v1/futures_continuous_series?symbol=eq.HCLTECH&date=eq.2026-05-27 "HTTP/2 200 OK"
22:29:34 INFO httpx - HTTP Request: GET https://ytlsqyzwoivtmvznojzb.supabase.co/rest/v1/options_snapshots?select=%2A&symbol=eq.HCLTECH&snapshot_date=eq.2026-05-27&order=expiry_date.asc%2Cstrike.asc "HTTP/2 200 OK"
22:29:34 INFO httpx - HTTP Request: GET https://ytlsqyzwoivtmvznojzb.supabase.co/rest/v1/continuous_oi_series?select=%2A&symbol=eq.HCLTECH&order=date.desc&limit=2 "HTTP/2 200 OK"
22:29:34 INFO httpx - HTTP Request: POST https://ytlsqyzwoivtmvznojzb.supabase.co/rest/v1/continuous_oi_series?on_conflict=symbol%2Cdate "HTTP/2 200 OK"
22:29:34 INFO httpx - HTTP Request: GET https://ytlsqyzwoivtmvznojzb.supabase.co/rest/v1/price_history?select=date%2Copen%2Chigh%2Clow%2Cclose%2Cvolume&symbol=eq.HDFCBANK&order=date.desc&limit=5 "HTTP/2 200 OK"
22:29:34 INFO httpx - HTTP Request: GET https://ytlsqyzwoivtmvznojzb.supabase.co/rest/v1/futures_continuous_series?select=%2A&symbol=eq.HDFCBANK&date=eq.2026-05-27 "HTTP/2 200 OK"
22:29:34 INFO httpx - HTTP Request: PATCH https://ytlsqyzwoivtmvznojzb.supabase.co/rest/v1/futures_continuous_series?symbol=eq.HDFCBANK&date=eq.2026-05-27 "HTTP/2 200 OK"
22:29:34 INFO httpx - HTTP Request: GET https://ytlsqyzwoivtmvznojzb.supabase.co/rest/v1/options_snapshots?select=%2A&symbol=eq.HDFCBANK&snapshot_date=eq.2026-05-27&order=expiry_date.asc%2Cstrike.asc "HTTP/2 200 OK"
22:29:35 INFO httpx - HTTP Request: GET https://ytlsqyzwoivtmvznojzb.supabase.co/rest/v1/continuous_oi_series?select=%2A&symbol=eq.HDFCBANK&order=date.desc&limit=2 "HTTP/2 200 OK"
22:29:35 INFO httpx - HTTP Request: POST https://ytlsqyzwoivtmvznojzb.supabase.co/rest/v1/continuous_oi_series?on_conflict=symbol%2Cdate "HTTP/2 200 OK"
22:29:35 INFO httpx - HTTP Request: GET https://ytlsqyzwoivtmvznojzb.supabase.co/rest/v1/price_history?select=date%2Copen%2Chigh%2Clow%2Cclose%2Cvolume&symbol=eq.HDFCLIFE&order=date.desc&limit=5 "HTTP/2 200 OK"
22:29:35 INFO httpx - HTTP Request: GET https://ytlsqyzwoivtmvznojzb.supabase.co/rest/v1/futures_continuous_series?select=%2A&symbol=eq.HDFCLIFE&date=eq.2026-05-27 "HTTP/2 200 OK"
22:29:35 INFO httpx - HTTP Request: PATCH https://ytlsqyzwoivtmvznojzb.supabase.co/rest/v1/futures_continuous_series?symbol=eq.HDFCLIFE&date=eq.2026-05-27 "HTTP/2 200 OK"
22:29:35 INFO httpx - HTTP Request: GET https://ytlsqyzwoivtmvznojzb.supabase.co/rest/v1/options_snapshots?select=%2A&symbol=eq.HDFCLIFE&snapshot_date=eq.2026-05-27&order=expiry_date.asc%2Cstrike.asc "HTTP/2 200 OK"
22:29:35 INFO httpx - HTTP Request: GET https://ytlsqyzwoivtmvznojzb.supabase.co/rest/v1/continuous_oi_series?select=%2A&symbol=eq.HDFCLIFE&order=date.desc&limit=2 "HTTP/2 200 OK"
22:29:35 INFO httpx - HTTP Request: POST https://ytlsqyzwoivtmvznojzb.supabase.co/rest/v1/continuous_oi_series?on_conflict=symbol%2Cdate "HTTP/2 200 OK"
22:29:35 INFO httpx - HTTP Request: GET https://ytlsqyzwoivtmvznojzb.supabase.co/rest/v1/price_history?select=date%2Copen%2Chigh%2Clow%2Cclose%2Cvolume&symbol=eq.HINDALCO&order=date.desc&limit=5 "HTTP/2 200 OK"
22:29:35 INFO httpx - HTTP Request: GET https://ytlsqyzwoivtmvznojzb.supabase.co/rest/v1/futures_continuous_series?select=%2A&symbol=eq.HINDALCO&date=eq.2026-05-27 "HTTP/2 200 OK"
22:29:35 INFO httpx - HTTP Request: PATCH https://ytlsqyzwoivtmvznojzb.supabase.co/rest/v1/futures_continuous_series?symbol=eq.HINDALCO&date=eq.2026-05-27 "HTTP/2 200 OK"
22:29:35 INFO httpx - HTTP Request: GET https://ytlsqyzwoivtmvznojzb.supabase.co/rest/v1/options_snapshots?select=%2A&symbol=eq.HINDALCO&snapshot_date=eq.2026-05-27&order=expiry_date.asc%2Cstrike.asc "HTTP/2 200 OK"
22:29:35 INFO httpx - HTTP Request: GET https://ytlsqyzwoivtmvznojzb.supabase.co/rest/v1/continuous_oi_series?select=%2A&symbol=eq.HINDALCO&order=date.desc&limit=2 "HTTP/2 200 OK"
22:29:35 INFO httpx - HTTP Request: POST https://ytlsqyzwoivtmvznojzb.supabase.co/rest/v1/continuous_oi_series?on_conflict=symbol%2Cdate "HTTP/2 200 OK"
22:29:35 INFO httpx - HTTP Request: GET https://ytlsqyzwoivtmvznojzb.supabase.co/rest/v1/price_history?select=date%2Copen%2Chigh%2Clow%2Cclose%2Cvolume&symbol=eq.HINDUNILVR&order=date.desc&limit=5 "HTTP/2 200 OK"
22:29:35 INFO httpx - HTTP Request: GET https://ytlsqyzwoivtmvznojzb.supabase.co/rest/v1/futures_continuous_series?select=%2A&symbol=eq.HINDUNILVR&date=eq.2026-05-27 "HTTP/2 200 OK"
22:29:35 INFO httpx - HTTP Request: PATCH https://ytlsqyzwoivtmvznojzb.supabase.co/rest/v1/futures_continuous_series?symbol=eq.HINDUNILVR&date=eq.2026-05-27 "HTTP/2 200 OK"
22:29:35 INFO httpx - HTTP Request: GET https://ytlsqyzwoivtmvznojzb.supabase.co/rest/v1/options_snapshots?select=%2A&symbol=eq.HINDUNILVR&snapshot_date=eq.2026-05-27&order=expiry_date.asc%2Cstrike.asc "HTTP/2 200 OK"
22:29:35 INFO httpx - HTTP Request: GET https://ytlsqyzwoivtmvznojzb.supabase.co/rest/v1/continuous_oi_series?select=%2A&symbol=eq.HINDUNILVR&order=date.desc&limit=2 "HTTP/2 200 OK"
22:29:35 INFO httpx - HTTP Request: POST https://ytlsqyzwoivtmvznojzb.supabase.co/rest/v1/continuous_oi_series?on_conflict=symbol%2Cdate "HTTP/2 200 OK"
22:29:35 INFO httpx - HTTP Request: GET https://ytlsqyzwoivtmvznojzb.supabase.co/rest/v1/price_history?select=date%2Copen%2Chigh%2Clow%2Cclose%2Cvolume&symbol=eq.ICICIBANK&order=date.desc&limit=5 "HTTP/2 200 OK"
22:29:36 INFO httpx - HTTP Request: GET https://ytlsqyzwoivtmvznojzb.supabase.co/rest/v1/futures_continuous_series?select=%2A&symbol=eq.ICICIBANK&date=eq.2026-05-27 "HTTP/2 200 OK"
22:29:36 INFO httpx - HTTP Request: PATCH https://ytlsqyzwoivtmvznojzb.supabase.co/rest/v1/futures_continuous_series?symbol=eq.ICICIBANK&date=eq.2026-05-27 "HTTP/2 200 OK"
22:29:36 INFO httpx - HTTP Request: GET https://ytlsqyzwoivtmvznojzb.supabase.co/rest/v1/options_snapshots?select=%2A&symbol=eq.ICICIBANK&snapshot_date=eq.2026-05-27&order=expiry_date.asc%2Cstrike.asc "HTTP/2 200 OK"
22:29:36 INFO httpx - HTTP Request: GET https://ytlsqyzwoivtmvznojzb.supabase.co/rest/v1/continuous_oi_series?select=%2A&symbol=eq.ICICIBANK&order=date.desc&limit=2 "HTTP/2 200 OK"
22:29:36 INFO httpx - HTTP Request: POST https://ytlsqyzwoivtmvznojzb.supabase.co/rest/v1/continuous_oi_series?on_conflict=symbol%2Cdate "HTTP/2 200 OK"
22:29:36 INFO httpx - HTTP Request: GET https://ytlsqyzwoivtmvznojzb.supabase.co/rest/v1/price_history?select=date%2Copen%2Chigh%2Clow%2Cclose%2Cvolume&symbol=eq.INDIGO&order=date.desc&limit=5 "HTTP/2 200 OK"
22:29:36 INFO httpx - HTTP Request: GET https://ytlsqyzwoivtmvznojzb.supabase.co/rest/v1/futures_continuous_series?select=%2A&symbol=eq.INDIGO&date=eq.2026-05-27 "HTTP/2 200 OK"
22:29:36 INFO httpx - HTTP Request: PATCH https://ytlsqyzwoivtmvznojzb.supabase.co/rest/v1/futures_continuous_series?symbol=eq.INDIGO&date=eq.2026-05-27 "HTTP/2 200 OK"
22:29:36 INFO httpx - HTTP Request: GET https://ytlsqyzwoivtmvznojzb.supabase.co/rest/v1/options_snapshots?select=%2A&symbol=eq.INDIGO&snapshot_date=eq.2026-05-27&order=expiry_date.asc%2Cstrike.asc "HTTP/2 200 OK"
22:29:36 INFO httpx - HTTP Request: GET https://ytlsqyzwoivtmvznojzb.supabase.co/rest/v1/continuous_oi_series?select=%2A&symbol=eq.INDIGO&order=date.desc&limit=2 "HTTP/2 200 OK"
22:29:36 INFO httpx - HTTP Request: POST https://ytlsqyzwoivtmvznojzb.supabase.co/rest/v1/continuous_oi_series?on_conflict=symbol%2Cdate "HTTP/2 200 OK"
22:29:36 INFO httpx - HTTP Request: GET https://ytlsqyzwoivtmvznojzb.supabase.co/rest/v1/price_history?select=date%2Copen%2Chigh%2Clow%2Cclose%2Cvolume&symbol=eq.INFY&order=date.desc&limit=5 "HTTP/2 200 OK"
22:29:36 INFO httpx - HTTP Request: GET https://ytlsqyzwoivtmvznojzb.supabase.co/rest/v1/futures_continuous_series?select=%2A&symbol=eq.INFY&date=eq.2026-05-27 "HTTP/2 200 OK"
22:29:36 INFO httpx - HTTP Request: PATCH https://ytlsqyzwoivtmvznojzb.supabase.co/rest/v1/futures_continuous_series?symbol=eq.INFY&date=eq.2026-05-27 "HTTP/2 200 OK"
22:29:36 INFO httpx - HTTP Request: GET https://ytlsqyzwoivtmvznojzb.supabase.co/rest/v1/options_snapshots?select=%2A&symbol=eq.INFY&snapshot_date=eq.2026-05-27&order=expiry_date.asc%2Cstrike.asc "HTTP/2 200 OK"
22:29:36 INFO httpx - HTTP Request: GET https://ytlsqyzwoivtmvznojzb.supabase.co/rest/v1/continuous_oi_series?select=%2A&symbol=eq.INFY&order=date.desc&limit=2 "HTTP/2 200 OK"
22:29:36 INFO httpx - HTTP Request: POST https://ytlsqyzwoivtmvznojzb.supabase.co/rest/v1/continuous_oi_series?on_conflict=symbol%2Cdate "HTTP/2 200 OK"
22:29:36 INFO httpx - HTTP Request: GET https://ytlsqyzwoivtmvznojzb.supabase.co/rest/v1/price_history?select=date%2Copen%2Chigh%2Clow%2Cclose%2Cvolume&symbol=eq.ITC&order=date.desc&limit=5 "HTTP/2 200 OK"
22:29:36 INFO httpx - HTTP Request: GET https://ytlsqyzwoivtmvznojzb.supabase.co/rest/v1/futures_continuous_series?select=%2A&symbol=eq.ITC&date=eq.2026-05-27 "HTTP/2 200 OK"
22:29:36 INFO httpx - HTTP Request: PATCH https://ytlsqyzwoivtmvznojzb.supabase.co/rest/v1/futures_continuous_series?symbol=eq.ITC&date=eq.2026-05-27 "HTTP/2 200 OK"
22:29:36 INFO httpx - HTTP Request: GET https://ytlsqyzwoivtmvznojzb.supabase.co/rest/v1/options_snapshots?select=%2A&symbol=eq.ITC&snapshot_date=eq.2026-05-27&order=expiry_date.asc%2Cstrike.asc "HTTP/2 200 OK"
22:29:37 INFO httpx - HTTP Request: GET https://ytlsqyzwoivtmvznojzb.supabase.co/rest/v1/continuous_oi_series?select=%2A&symbol=eq.ITC&order=date.desc&limit=2 "HTTP/2 200 OK"
22:29:37 INFO httpx - HTTP Request: POST https://ytlsqyzwoivtmvznojzb.supabase.co/rest/v1/continuous_oi_series?on_conflict=symbol%2Cdate "HTTP/2 200 OK"
22:29:37 INFO httpx - HTTP Request: GET https://ytlsqyzwoivtmvznojzb.supabase.co/rest/v1/price_history?select=date%2Copen%2Chigh%2Clow%2Cclose%2Cvolume&symbol=eq.JIOFIN&order=date.desc&limit=5 "HTTP/2 200 OK"
22:29:37 INFO httpx - HTTP Request: GET https://ytlsqyzwoivtmvznojzb.supabase.co/rest/v1/futures_continuous_series?select=%2A&symbol=eq.JIOFIN&date=eq.2026-05-27 "HTTP/2 200 OK"
22:29:37 INFO httpx - HTTP Request: PATCH https://ytlsqyzwoivtmvznojzb.supabase.co/rest/v1/futures_continuous_series?symbol=eq.JIOFIN&date=eq.2026-05-27 "HTTP/2 200 OK"
22:29:37 INFO httpx - HTTP Request: GET https://ytlsqyzwoivtmvznojzb.supabase.co/rest/v1/options_snapshots?select=%2A&symbol=eq.JIOFIN&snapshot_date=eq.2026-05-27&order=expiry_date.asc%2Cstrike.asc "HTTP/2 200 OK"
22:29:37 INFO httpx - HTTP Request: GET https://ytlsqyzwoivtmvznojzb.supabase.co/rest/v1/continuous_oi_series?select=%2A&symbol=eq.JIOFIN&order=date.desc&limit=2 "HTTP/2 200 OK"
22:29:37 INFO httpx - HTTP Request: POST https://ytlsqyzwoivtmvznojzb.supabase.co/rest/v1/continuous_oi_series?on_conflict=symbol%2Cdate "HTTP/2 200 OK"
22:29:37 INFO httpx - HTTP Request: GET https://ytlsqyzwoivtmvznojzb.supabase.co/rest/v1/price_history?select=date%2Copen%2Chigh%2Clow%2Cclose%2Cvolume&symbol=eq.JSWSTEEL&order=date.desc&limit=5 "HTTP/2 200 OK"
22:29:37 INFO httpx - HTTP Request: GET https://ytlsqyzwoivtmvznojzb.supabase.co/rest/v1/futures_continuous_series?select=%2A&symbol=eq.JSWSTEEL&date=eq.2026-05-27 "HTTP/2 200 OK"
22:29:37 INFO httpx - HTTP Request: PATCH https://ytlsqyzwoivtmvznojzb.supabase.co/rest/v1/futures_continuous_series?symbol=eq.JSWSTEEL&date=eq.2026-05-27 "HTTP/2 200 OK"
22:29:37 INFO httpx - HTTP Request: GET https://ytlsqyzwoivtmvznojzb.supabase.co/rest/v1/options_snapshots?select=%2A&symbol=eq.JSWSTEEL&snapshot_date=eq.2026-05-27&order=expiry_date.asc%2Cstrike.asc "HTTP/2 200 OK"
22:29:37 INFO httpx - HTTP Request: GET https://ytlsqyzwoivtmvznojzb.supabase.co/rest/v1/continuous_oi_series?select=%2A&symbol=eq.JSWSTEEL&order=date.desc&limit=2 "HTTP/2 200 OK"
22:29:37 INFO httpx - HTTP Request: POST https://ytlsqyzwoivtmvznojzb.supabase.co/rest/v1/continuous_oi_series?on_conflict=symbol%2Cdate "HTTP/2 200 OK"
22:29:37 INFO httpx - HTTP Request: GET https://ytlsqyzwoivtmvznojzb.supabase.co/rest/v1/price_history?select=date%2Copen%2Chigh%2Clow%2Cclose%2Cvolume&symbol=eq.KOTAKBANK&order=date.desc&limit=5 "HTTP/2 200 OK"
22:29:37 INFO httpx - HTTP Request: GET https://ytlsqyzwoivtmvznojzb.supabase.co/rest/v1/futures_continuous_series?select=%2A&symbol=eq.KOTAKBANK&date=eq.2026-05-27 "HTTP/2 200 OK"
22:29:37 INFO httpx - HTTP Request: PATCH https://ytlsqyzwoivtmvznojzb.supabase.co/rest/v1/futures_continuous_series?symbol=eq.KOTAKBANK&date=eq.2026-05-27 "HTTP/2 200 OK"
22:29:37 INFO httpx - HTTP Request: GET https://ytlsqyzwoivtmvznojzb.supabase.co/rest/v1/options_snapshots?select=%2A&symbol=eq.KOTAKBANK&snapshot_date=eq.2026-05-27&order=expiry_date.asc%2Cstrike.asc "HTTP/2 200 OK"
22:29:37 INFO httpx - HTTP Request: GET https://ytlsqyzwoivtmvznojzb.supabase.co/rest/v1/continuous_oi_series?select=%2A&symbol=eq.KOTAKBANK&order=date.desc&limit=2 "HTTP/2 200 OK"
22:29:37 INFO httpx - HTTP Request: POST https://ytlsqyzwoivtmvznojzb.supabase.co/rest/v1/continuous_oi_series?on_conflict=symbol%2Cdate "HTTP/2 200 OK"
22:29:37 INFO httpx - HTTP Request: GET https://ytlsqyzwoivtmvznojzb.supabase.co/rest/v1/price_history?select=date%2Copen%2Chigh%2Clow%2Cclose%2Cvolume&symbol=eq.LT&order=date.desc&limit=5 "HTTP/2 200 OK"
22:29:37 INFO httpx - HTTP Request: GET https://ytlsqyzwoivtmvznojzb.supabase.co/rest/v1/futures_continuous_series?select=%2A&symbol=eq.LT&date=eq.2026-05-27 "HTTP/2 200 OK"
22:29:38 INFO httpx - HTTP Request: PATCH https://ytlsqyzwoivtmvznojzb.supabase.co/rest/v1/futures_continuous_series?symbol=eq.LT&date=eq.2026-05-27 "HTTP/2 200 OK"
22:29:38 INFO httpx - HTTP Request: GET https://ytlsqyzwoivtmvznojzb.supabase.co/rest/v1/options_snapshots?select=%2A&symbol=eq.LT&snapshot_date=eq.2026-05-27&order=expiry_date.asc%2Cstrike.asc "HTTP/2 200 OK"
22:29:38 INFO httpx - HTTP Request: GET https://ytlsqyzwoivtmvznojzb.supabase.co/rest/v1/continuous_oi_series?select=%2A&symbol=eq.LT&order=date.desc&limit=2 "HTTP/2 200 OK"
22:29:38 INFO httpx - HTTP Request: POST https://ytlsqyzwoivtmvznojzb.supabase.co/rest/v1/continuous_oi_series?on_conflict=symbol%2Cdate "HTTP/2 200 OK"
22:29:38 INFO httpx - HTTP Request: GET https://ytlsqyzwoivtmvznojzb.supabase.co/rest/v1/price_history?select=date%2Copen%2Chigh%2Clow%2Cclose%2Cvolume&symbol=eq.M%26M&order=date.desc&limit=5 "HTTP/2 200 OK"
22:29:38 INFO httpx - HTTP Request: GET https://ytlsqyzwoivtmvznojzb.supabase.co/rest/v1/futures_continuous_series?select=%2A&symbol=eq.M%26M&date=eq.2026-05-27 "HTTP/2 200 OK"
22:29:38 INFO httpx - HTTP Request: PATCH https://ytlsqyzwoivtmvznojzb.supabase.co/rest/v1/futures_continuous_series?symbol=eq.M%26M&date=eq.2026-05-27 "HTTP/2 200 OK"
22:29:38 INFO httpx - HTTP Request: GET https://ytlsqyzwoivtmvznojzb.supabase.co/rest/v1/options_snapshots?select=%2A&symbol=eq.M%26M&snapshot_date=eq.2026-05-27&order=expiry_date.asc%2Cstrike.asc "HTTP/2 200 OK"
22:29:38 INFO httpx - HTTP Request: GET https://ytlsqyzwoivtmvznojzb.supabase.co/rest/v1/continuous_oi_series?select=%2A&symbol=eq.M%26M&order=date.desc&limit=2 "HTTP/2 200 OK"
22:29:38 INFO httpx - HTTP Request: POST https://ytlsqyzwoivtmvznojzb.supabase.co/rest/v1/continuous_oi_series?on_conflict=symbol%2Cdate "HTTP/2 200 OK"
22:29:38 INFO httpx - HTTP Request: GET https://ytlsqyzwoivtmvznojzb.supabase.co/rest/v1/price_history?select=date%2Copen%2Chigh%2Clow%2Cclose%2Cvolume&symbol=eq.MARUTI&order=date.desc&limit=5 "HTTP/2 200 OK"
22:29:38 INFO httpx - HTTP Request: GET https://ytlsqyzwoivtmvznojzb.supabase.co/rest/v1/futures_continuous_series?select=%2A&symbol=eq.MARUTI&date=eq.2026-05-27 "HTTP/2 200 OK"
22:29:38 INFO httpx - HTTP Request: PATCH https://ytlsqyzwoivtmvznojzb.supabase.co/rest/v1/futures_continuous_series?symbol=eq.MARUTI&date=eq.2026-05-27 "HTTP/2 200 OK"
22:29:38 INFO httpx - HTTP Request: GET https://ytlsqyzwoivtmvznojzb.supabase.co/rest/v1/options_snapshots?select=%2A&symbol=eq.MARUTI&snapshot_date=eq.2026-05-27&order=expiry_date.asc%2Cstrike.asc "HTTP/2 200 OK"
22:29:38 INFO httpx - HTTP Request: GET https://ytlsqyzwoivtmvznojzb.supabase.co/rest/v1/continuous_oi_series?select=%2A&symbol=eq.MARUTI&order=date.desc&limit=2 "HTTP/2 200 OK"
22:29:38 INFO httpx - HTTP Request: POST https://ytlsqyzwoivtmvznojzb.supabase.co/rest/v1/continuous_oi_series?on_conflict=symbol%2Cdate "HTTP/2 200 OK"
22:29:38 INFO httpx - HTTP Request: GET https://ytlsqyzwoivtmvznojzb.supabase.co/rest/v1/price_history?select=date%2Copen%2Chigh%2Clow%2Cclose%2Cvolume&symbol=eq.MAXHEALTH&order=date.desc&limit=5 "HTTP/2 200 OK"
22:29:38 INFO httpx - HTTP Request: GET https://ytlsqyzwoivtmvznojzb.supabase.co/rest/v1/futures_continuous_series?select=%2A&symbol=eq.MAXHEALTH&date=eq.2026-05-27 "HTTP/2 200 OK"
22:29:38 INFO httpx - HTTP Request: PATCH https://ytlsqyzwoivtmvznojzb.supabase.co/rest/v1/futures_continuous_series?symbol=eq.MAXHEALTH&date=eq.2026-05-27 "HTTP/2 200 OK"
22:29:38 INFO httpx - HTTP Request: GET https://ytlsqyzwoivtmvznojzb.supabase.co/rest/v1/options_snapshots?select=%2A&symbol=eq.MAXHEALTH&snapshot_date=eq.2026-05-27&order=expiry_date.asc%2Cstrike.asc "HTTP/2 200 OK"
22:29:38 INFO httpx - HTTP Request: GET https://ytlsqyzwoivtmvznojzb.supabase.co/rest/v1/continuous_oi_series?select=%2A&symbol=eq.MAXHEALTH&order=date.desc&limit=2 "HTTP/2 200 OK"
22:29:38 INFO httpx - HTTP Request: POST https://ytlsqyzwoivtmvznojzb.supabase.co/rest/v1/continuous_oi_series?on_conflict=symbol%2Cdate "HTTP/2 200 OK"
22:29:39 INFO httpx - HTTP Request: GET https://ytlsqyzwoivtmvznojzb.supabase.co/rest/v1/price_history?select=date%2Copen%2Chigh%2Clow%2Cclose%2Cvolume&symbol=eq.NESTLEIND&order=date.desc&limit=5 "HTTP/2 200 OK"
22:29:39 INFO httpx - HTTP Request: GET https://ytlsqyzwoivtmvznojzb.supabase.co/rest/v1/futures_continuous_series?select=%2A&symbol=eq.NESTLEIND&date=eq.2026-05-27 "HTTP/2 200 OK"
22:29:39 INFO httpx - HTTP Request: PATCH https://ytlsqyzwoivtmvznojzb.supabase.co/rest/v1/futures_continuous_series?symbol=eq.NESTLEIND&date=eq.2026-05-27 "HTTP/2 200 OK"
22:29:39 INFO httpx - HTTP Request: GET https://ytlsqyzwoivtmvznojzb.supabase.co/rest/v1/options_snapshots?select=%2A&symbol=eq.NESTLEIND&snapshot_date=eq.2026-05-27&order=expiry_date.asc%2Cstrike.asc "HTTP/2 200 OK"
22:29:39 INFO httpx - HTTP Request: GET https://ytlsqyzwoivtmvznojzb.supabase.co/rest/v1/continuous_oi_series?select=%2A&symbol=eq.NESTLEIND&order=date.desc&limit=2 "HTTP/2 200 OK"
22:29:39 INFO httpx - HTTP Request: POST https://ytlsqyzwoivtmvznojzb.supabase.co/rest/v1/continuous_oi_series?on_conflict=symbol%2Cdate "HTTP/2 200 OK"
22:29:39 INFO httpx - HTTP Request: GET https://ytlsqyzwoivtmvznojzb.supabase.co/rest/v1/price_history?select=date%2Copen%2Chigh%2Clow%2Cclose%2Cvolume&symbol=eq.NTPC&order=date.desc&limit=5 "HTTP/2 200 OK"
22:29:39 INFO httpx - HTTP Request: GET https://ytlsqyzwoivtmvznojzb.supabase.co/rest/v1/futures_continuous_series?select=%2A&symbol=eq.NTPC&date=eq.2026-05-27 "HTTP/2 200 OK"
22:29:39 INFO httpx - HTTP Request: PATCH https://ytlsqyzwoivtmvznojzb.supabase.co/rest/v1/futures_continuous_series?symbol=eq.NTPC&date=eq.2026-05-27 "HTTP/2 200 OK"
22:29:39 INFO httpx - HTTP Request: GET https://ytlsqyzwoivtmvznojzb.supabase.co/rest/v1/options_snapshots?select=%2A&symbol=eq.NTPC&snapshot_date=eq.2026-05-27&order=expiry_date.asc%2Cstrike.asc "HTTP/2 200 OK"
22:29:39 INFO httpx - HTTP Request: GET https://ytlsqyzwoivtmvznojzb.supabase.co/rest/v1/continuous_oi_series?select=%2A&symbol=eq.NTPC&order=date.desc&limit=2 "HTTP/2 200 OK"
22:29:39 INFO httpx - HTTP Request: POST https://ytlsqyzwoivtmvznojzb.supabase.co/rest/v1/continuous_oi_series?on_conflict=symbol%2Cdate "HTTP/2 200 OK"
22:29:39 INFO httpx - HTTP Request: GET https://ytlsqyzwoivtmvznojzb.supabase.co/rest/v1/price_history?select=date%2Copen%2Chigh%2Clow%2Cclose%2Cvolume&symbol=eq.ONGC&order=date.desc&limit=5 "HTTP/2 200 OK"
22:29:39 INFO httpx - HTTP Request: GET https://ytlsqyzwoivtmvznojzb.supabase.co/rest/v1/futures_continuous_series?select=%2A&symbol=eq.ONGC&date=eq.2026-05-27 "HTTP/2 200 OK"
22:29:39 INFO httpx - HTTP Request: PATCH https://ytlsqyzwoivtmvznojzb.supabase.co/rest/v1/futures_continuous_series?symbol=eq.ONGC&date=eq.2026-05-27 "HTTP/2 200 OK"
22:29:39 INFO httpx - HTTP Request: GET https://ytlsqyzwoivtmvznojzb.supabase.co/rest/v1/options_snapshots?select=%2A&symbol=eq.ONGC&snapshot_date=eq.2026-05-27&order=expiry_date.asc%2Cstrike.asc "HTTP/2 200 OK"
22:29:39 INFO httpx - HTTP Request: GET https://ytlsqyzwoivtmvznojzb.supabase.co/rest/v1/continuous_oi_series?select=%2A&symbol=eq.ONGC&order=date.desc&limit=2 "HTTP/2 200 OK"
22:29:39 INFO httpx - HTTP Request: POST https://ytlsqyzwoivtmvznojzb.supabase.co/rest/v1/continuous_oi_series?on_conflict=symbol%2Cdate "HTTP/2 200 OK"
22:29:39 INFO httpx - HTTP Request: GET https://ytlsqyzwoivtmvznojzb.supabase.co/rest/v1/price_history?select=date%2Copen%2Chigh%2Clow%2Cclose%2Cvolume&symbol=eq.POWERGRID&order=date.desc&limit=5 "HTTP/2 200 OK"
22:29:39 INFO httpx - HTTP Request: GET https://ytlsqyzwoivtmvznojzb.supabase.co/rest/v1/futures_continuous_series?select=%2A&symbol=eq.POWERGRID&date=eq.2026-05-27 "HTTP/2 200 OK"
22:29:39 INFO httpx - HTTP Request: PATCH https://ytlsqyzwoivtmvznojzb.supabase.co/rest/v1/futures_continuous_series?symbol=eq.POWERGRID&date=eq.2026-05-27 "HTTP/2 200 OK"
22:29:39 INFO httpx - HTTP Request: GET https://ytlsqyzwoivtmvznojzb.supabase.co/rest/v1/options_snapshots?select=%2A&symbol=eq.POWERGRID&snapshot_date=eq.2026-05-27&order=expiry_date.asc%2Cstrike.asc "HTTP/2 200 OK"
22:29:40 INFO httpx - HTTP Request: GET https://ytlsqyzwoivtmvznojzb.supabase.co/rest/v1/continuous_oi_series?select=%2A&symbol=eq.POWERGRID&order=date.desc&limit=2 "HTTP/2 200 OK"
22:29:40 INFO httpx - HTTP Request: POST https://ytlsqyzwoivtmvznojzb.supabase.co/rest/v1/continuous_oi_series?on_conflict=symbol%2Cdate "HTTP/2 200 OK"
22:29:40 INFO httpx - HTTP Request: GET https://ytlsqyzwoivtmvznojzb.supabase.co/rest/v1/price_history?select=date%2Copen%2Chigh%2Clow%2Cclose%2Cvolume&symbol=eq.RELIANCE&order=date.desc&limit=5 "HTTP/2 200 OK"
22:29:40 INFO httpx - HTTP Request: GET https://ytlsqyzwoivtmvznojzb.supabase.co/rest/v1/futures_continuous_series?select=%2A&symbol=eq.RELIANCE&date=eq.2026-05-27 "HTTP/2 200 OK"
22:29:40 INFO httpx - HTTP Request: PATCH https://ytlsqyzwoivtmvznojzb.supabase.co/rest/v1/futures_continuous_series?symbol=eq.RELIANCE&date=eq.2026-05-27 "HTTP/2 200 OK"
22:29:40 INFO httpx - HTTP Request: GET https://ytlsqyzwoivtmvznojzb.supabase.co/rest/v1/options_snapshots?select=%2A&symbol=eq.RELIANCE&snapshot_date=eq.2026-05-27&order=expiry_date.asc%2Cstrike.asc "HTTP/2 200 OK"
22:29:40 INFO httpx - HTTP Request: GET https://ytlsqyzwoivtmvznojzb.supabase.co/rest/v1/continuous_oi_series?select=%2A&symbol=eq.RELIANCE&order=date.desc&limit=2 "HTTP/2 200 OK"
22:29:40 INFO httpx - HTTP Request: POST https://ytlsqyzwoivtmvznojzb.supabase.co/rest/v1/continuous_oi_series?on_conflict=symbol%2Cdate "HTTP/2 200 OK"
22:29:40 INFO httpx - HTTP Request: GET https://ytlsqyzwoivtmvznojzb.supabase.co/rest/v1/price_history?select=date%2Copen%2Chigh%2Clow%2Cclose%2Cvolume&symbol=eq.SBILIFE&order=date.desc&limit=5 "HTTP/2 200 OK"
22:29:40 INFO httpx - HTTP Request: GET https://ytlsqyzwoivtmvznojzb.supabase.co/rest/v1/futures_continuous_series?select=%2A&symbol=eq.SBILIFE&date=eq.2026-05-27 "HTTP/2 200 OK"
22:29:40 INFO httpx - HTTP Request: PATCH https://ytlsqyzwoivtmvznojzb.supabase.co/rest/v1/futures_continuous_series?symbol=eq.SBILIFE&date=eq.2026-05-27 "HTTP/2 200 OK"
22:29:40 INFO httpx - HTTP Request: GET https://ytlsqyzwoivtmvznojzb.supabase.co/rest/v1/options_snapshots?select=%2A&symbol=eq.SBILIFE&snapshot_date=eq.2026-05-27&order=expiry_date.asc%2Cstrike.asc "HTTP/2 200 OK"
22:29:40 INFO httpx - HTTP Request: GET https://ytlsqyzwoivtmvznojzb.supabase.co/rest/v1/continuous_oi_series?select=%2A&symbol=eq.SBILIFE&order=date.desc&limit=2 "HTTP/2 200 OK"
22:29:40 INFO httpx - HTTP Request: POST https://ytlsqyzwoivtmvznojzb.supabase.co/rest/v1/continuous_oi_series?on_conflict=symbol%2Cdate "HTTP/2 200 OK"
22:29:40 INFO httpx - HTTP Request: GET https://ytlsqyzwoivtmvznojzb.supabase.co/rest/v1/price_history?select=date%2Copen%2Chigh%2Clow%2Cclose%2Cvolume&symbol=eq.SBIN&order=date.desc&limit=5 "HTTP/2 200 OK"
22:29:40 INFO httpx - HTTP Request: GET https://ytlsqyzwoivtmvznojzb.supabase.co/rest/v1/futures_continuous_series?select=%2A&symbol=eq.SBIN&date=eq.2026-05-27 "HTTP/2 200 OK"
22:29:40 INFO httpx - HTTP Request: PATCH https://ytlsqyzwoivtmvznojzb.supabase.co/rest/v1/futures_continuous_series?symbol=eq.SBIN&date=eq.2026-05-27 "HTTP/2 200 OK"
22:29:40 INFO httpx - HTTP Request: GET https://ytlsqyzwoivtmvznojzb.supabase.co/rest/v1/options_snapshots?select=%2A&symbol=eq.SBIN&snapshot_date=eq.2026-05-27&order=expiry_date.asc%2Cstrike.asc "HTTP/2 200 OK"
22:29:40 INFO httpx - HTTP Request: GET https://ytlsqyzwoivtmvznojzb.supabase.co/rest/v1/continuous_oi_series?select=%2A&symbol=eq.SBIN&order=date.desc&limit=2 "HTTP/2 200 OK"
22:29:40 INFO httpx - HTTP Request: POST https://ytlsqyzwoivtmvznojzb.supabase.co/rest/v1/continuous_oi_series?on_conflict=symbol%2Cdate "HTTP/2 200 OK"
22:29:40 INFO httpx - HTTP Request: GET https://ytlsqyzwoivtmvznojzb.supabase.co/rest/v1/price_history?select=date%2Copen%2Chigh%2Clow%2Cclose%2Cvolume&symbol=eq.SHRIRAMFIN&order=date.desc&limit=5 "HTTP/2 200 OK"
22:29:40 INFO httpx - HTTP Request: GET https://ytlsqyzwoivtmvznojzb.supabase.co/rest/v1/futures_continuous_series?select=%2A&symbol=eq.SHRIRAMFIN&date=eq.2026-05-27 "HTTP/2 200 OK"
22:29:41 INFO httpx - HTTP Request: PATCH https://ytlsqyzwoivtmvznojzb.supabase.co/rest/v1/futures_continuous_series?symbol=eq.SHRIRAMFIN&date=eq.2026-05-27 "HTTP/2 200 OK"
22:29:41 INFO httpx - HTTP Request: GET https://ytlsqyzwoivtmvznojzb.supabase.co/rest/v1/options_snapshots?select=%2A&symbol=eq.SHRIRAMFIN&snapshot_date=eq.2026-05-27&order=expiry_date.asc%2Cstrike.asc "HTTP/2 200 OK"
22:29:41 INFO httpx - HTTP Request: GET https://ytlsqyzwoivtmvznojzb.supabase.co/rest/v1/continuous_oi_series?select=%2A&symbol=eq.SHRIRAMFIN&order=date.desc&limit=2 "HTTP/2 200 OK"
22:29:41 INFO httpx - HTTP Request: POST https://ytlsqyzwoivtmvznojzb.supabase.co/rest/v1/continuous_oi_series?on_conflict=symbol%2Cdate "HTTP/2 200 OK"
22:29:41 INFO httpx - HTTP Request: GET https://ytlsqyzwoivtmvznojzb.supabase.co/rest/v1/price_history?select=date%2Copen%2Chigh%2Clow%2Cclose%2Cvolume&symbol=eq.SUNPHARMA&order=date.desc&limit=5 "HTTP/2 200 OK"
22:29:41 INFO httpx - HTTP Request: GET https://ytlsqyzwoivtmvznojzb.supabase.co/rest/v1/futures_continuous_series?select=%2A&symbol=eq.SUNPHARMA&date=eq.2026-05-27 "HTTP/2 200 OK"
22:29:41 INFO httpx - HTTP Request: PATCH https://ytlsqyzwoivtmvznojzb.supabase.co/rest/v1/futures_continuous_series?symbol=eq.SUNPHARMA&date=eq.2026-05-27 "HTTP/2 200 OK"
22:29:41 INFO httpx - HTTP Request: GET https://ytlsqyzwoivtmvznojzb.supabase.co/rest/v1/options_snapshots?select=%2A&symbol=eq.SUNPHARMA&snapshot_date=eq.2026-05-27&order=expiry_date.asc%2Cstrike.asc "HTTP/2 200 OK"
22:29:41 INFO httpx - HTTP Request: GET https://ytlsqyzwoivtmvznojzb.supabase.co/rest/v1/continuous_oi_series?select=%2A&symbol=eq.SUNPHARMA&order=date.desc&limit=2 "HTTP/2 200 OK"
22:29:41 INFO httpx - HTTP Request: POST https://ytlsqyzwoivtmvznojzb.supabase.co/rest/v1/continuous_oi_series?on_conflict=symbol%2Cdate "HTTP/2 200 OK"
22:29:41 INFO httpx - HTTP Request: GET https://ytlsqyzwoivtmvznojzb.supabase.co/rest/v1/price_history?select=date%2Copen%2Chigh%2Clow%2Cclose%2Cvolume&symbol=eq.TATACONSUM&order=date.desc&limit=5 "HTTP/2 200 OK"
22:29:41 INFO httpx - HTTP Request: GET https://ytlsqyzwoivtmvznojzb.supabase.co/rest/v1/futures_continuous_series?select=%2A&symbol=eq.TATACONSUM&date=eq.2026-05-27 "HTTP/2 200 OK"
22:29:41 INFO httpx - HTTP Request: PATCH https://ytlsqyzwoivtmvznojzb.supabase.co/rest/v1/futures_continuous_series?symbol=eq.TATACONSUM&date=eq.2026-05-27 "HTTP/2 200 OK"
22:29:41 INFO httpx - HTTP Request: GET https://ytlsqyzwoivtmvznojzb.supabase.co/rest/v1/options_snapshots?select=%2A&symbol=eq.TATACONSUM&snapshot_date=eq.2026-05-27&order=expiry_date.asc%2Cstrike.asc "HTTP/2 200 OK"
22:29:41 INFO httpx - HTTP Request: GET https://ytlsqyzwoivtmvznojzb.supabase.co/rest/v1/continuous_oi_series?select=%2A&symbol=eq.TATACONSUM&order=date.desc&limit=2 "HTTP/2 200 OK"
22:29:41 INFO httpx - HTTP Request: POST https://ytlsqyzwoivtmvznojzb.supabase.co/rest/v1/continuous_oi_series?on_conflict=symbol%2Cdate "HTTP/2 200 OK"
22:29:41 INFO httpx - HTTP Request: GET https://ytlsqyzwoivtmvznojzb.supabase.co/rest/v1/price_history?select=date%2Copen%2Chigh%2Clow%2Cclose%2Cvolume&symbol=eq.TATASTEEL&order=date.desc&limit=5 "HTTP/2 200 OK"
22:29:41 INFO httpx - HTTP Request: GET https://ytlsqyzwoivtmvznojzb.supabase.co/rest/v1/futures_continuous_series?select=%2A&symbol=eq.TATASTEEL&date=eq.2026-05-27 "HTTP/2 200 OK"
22:29:41 INFO httpx - HTTP Request: PATCH https://ytlsqyzwoivtmvznojzb.supabase.co/rest/v1/futures_continuous_series?symbol=eq.TATASTEEL&date=eq.2026-05-27 "HTTP/2 200 OK"
22:29:41 INFO httpx - HTTP Request: GET https://ytlsqyzwoivtmvznojzb.supabase.co/rest/v1/options_snapshots?select=%2A&symbol=eq.TATASTEEL&snapshot_date=eq.2026-05-27&order=expiry_date.asc%2Cstrike.asc "HTTP/2 200 OK"
22:29:41 INFO httpx - HTTP Request: GET https://ytlsqyzwoivtmvznojzb.supabase.co/rest/v1/continuous_oi_series?select=%2A&symbol=eq.TATASTEEL&order=date.desc&limit=2 "HTTP/2 200 OK"
22:29:42 INFO httpx - HTTP Request: POST https://ytlsqyzwoivtmvznojzb.supabase.co/rest/v1/continuous_oi_series?on_conflict=symbol%2Cdate "HTTP/2 200 OK"
22:29:42 INFO httpx - HTTP Request: GET https://ytlsqyzwoivtmvznojzb.supabase.co/rest/v1/price_history?select=date%2Copen%2Chigh%2Clow%2Cclose%2Cvolume&symbol=eq.TCS&order=date.desc&limit=5 "HTTP/2 200 OK"
22:29:42 INFO httpx - HTTP Request: GET https://ytlsqyzwoivtmvznojzb.supabase.co/rest/v1/futures_continuous_series?select=%2A&symbol=eq.TCS&date=eq.2026-05-27 "HTTP/2 200 OK"
22:29:42 INFO httpx - HTTP Request: PATCH https://ytlsqyzwoivtmvznojzb.supabase.co/rest/v1/futures_continuous_series?symbol=eq.TCS&date=eq.2026-05-27 "HTTP/2 200 OK"
22:29:42 INFO httpx - HTTP Request: GET https://ytlsqyzwoivtmvznojzb.supabase.co/rest/v1/options_snapshots?select=%2A&symbol=eq.TCS&snapshot_date=eq.2026-05-27&order=expiry_date.asc%2Cstrike.asc "HTTP/2 200 OK"
22:29:42 INFO httpx - HTTP Request: GET https://ytlsqyzwoivtmvznojzb.supabase.co/rest/v1/continuous_oi_series?select=%2A&symbol=eq.TCS&order=date.desc&limit=2 "HTTP/2 200 OK"
22:29:42 INFO httpx - HTTP Request: POST https://ytlsqyzwoivtmvznojzb.supabase.co/rest/v1/continuous_oi_series?on_conflict=symbol%2Cdate "HTTP/2 200 OK"
22:29:42 INFO httpx - HTTP Request: GET https://ytlsqyzwoivtmvznojzb.supabase.co/rest/v1/price_history?select=date%2Copen%2Chigh%2Clow%2Cclose%2Cvolume&symbol=eq.TECHM&order=date.desc&limit=5 "HTTP/2 200 OK"
22:29:42 INFO httpx - HTTP Request: GET https://ytlsqyzwoivtmvznojzb.supabase.co/rest/v1/futures_continuous_series?select=%2A&symbol=eq.TECHM&date=eq.2026-05-27 "HTTP/2 200 OK"
22:29:42 INFO httpx - HTTP Request: PATCH https://ytlsqyzwoivtmvznojzb.supabase.co/rest/v1/futures_continuous_series?symbol=eq.TECHM&date=eq.2026-05-27 "HTTP/2 200 OK"
22:29:42 INFO httpx - HTTP Request: GET https://ytlsqyzwoivtmvznojzb.supabase.co/rest/v1/options_snapshots?select=%2A&symbol=eq.TECHM&snapshot_date=eq.2026-05-27&order=expiry_date.asc%2Cstrike.asc "HTTP/2 200 OK"
22:29:42 INFO httpx - HTTP Request: GET https://ytlsqyzwoivtmvznojzb.supabase.co/rest/v1/continuous_oi_series?select=%2A&symbol=eq.TECHM&order=date.desc&limit=2 "HTTP/2 200 OK"
22:29:42 INFO httpx - HTTP Request: POST https://ytlsqyzwoivtmvznojzb.supabase.co/rest/v1/continuous_oi_series?on_conflict=symbol%2Cdate "HTTP/2 200 OK"
22:29:42 INFO httpx - HTTP Request: GET https://ytlsqyzwoivtmvznojzb.supabase.co/rest/v1/price_history?select=date%2Copen%2Chigh%2Clow%2Cclose%2Cvolume&symbol=eq.TITAN&order=date.desc&limit=5 "HTTP/2 200 OK"
22:29:42 INFO httpx - HTTP Request: GET https://ytlsqyzwoivtmvznojzb.supabase.co/rest/v1/futures_continuous_series?select=%2A&symbol=eq.TITAN&date=eq.2026-05-27 "HTTP/2 200 OK"
22:29:42 INFO httpx - HTTP Request: PATCH https://ytlsqyzwoivtmvznojzb.supabase.co/rest/v1/futures_continuous_series?symbol=eq.TITAN&date=eq.2026-05-27 "HTTP/2 200 OK"
22:29:42 INFO httpx - HTTP Request: GET https://ytlsqyzwoivtmvznojzb.supabase.co/rest/v1/options_snapshots?select=%2A&symbol=eq.TITAN&snapshot_date=eq.2026-05-27&order=expiry_date.asc%2Cstrike.asc "HTTP/2 200 OK"
22:29:42 INFO httpx - HTTP Request: GET https://ytlsqyzwoivtmvznojzb.supabase.co/rest/v1/continuous_oi_series?select=%2A&symbol=eq.TITAN&order=date.desc&limit=2 "HTTP/2 200 OK"
22:29:42 INFO httpx - HTTP Request: POST https://ytlsqyzwoivtmvznojzb.supabase.co/rest/v1/continuous_oi_series?on_conflict=symbol%2Cdate "HTTP/2 200 OK"
22:29:42 INFO httpx - HTTP Request: GET https://ytlsqyzwoivtmvznojzb.supabase.co/rest/v1/price_history?select=date%2Copen%2Chigh%2Clow%2Cclose%2Cvolume&symbol=eq.TMPV&order=date.desc&limit=5 "HTTP/2 200 OK"
22:29:42 INFO httpx - HTTP Request: GET https://ytlsqyzwoivtmvznojzb.supabase.co/rest/v1/futures_continuous_series?select=%2A&symbol=eq.TMPV&date=eq.2026-05-27 "HTTP/2 200 OK"
22:29:42 INFO httpx - HTTP Request: PATCH https://ytlsqyzwoivtmvznojzb.supabase.co/rest/v1/futures_continuous_series?symbol=eq.TMPV&date=eq.2026-05-27 "HTTP/2 200 OK"
22:29:42 INFO httpx - HTTP Request: GET https://ytlsqyzwoivtmvznojzb.supabase.co/rest/v1/options_snapshots?select=%2A&symbol=eq.TMPV&snapshot_date=eq.2026-05-27&order=expiry_date.asc%2Cstrike.asc "HTTP/2 200 OK"
22:29:43 INFO httpx - HTTP Request: GET https://ytlsqyzwoivtmvznojzb.supabase.co/rest/v1/continuous_oi_series?select=%2A&symbol=eq.TMPV&order=date.desc&limit=2 "HTTP/2 200 OK"
22:29:43 INFO httpx - HTTP Request: POST https://ytlsqyzwoivtmvznojzb.supabase.co/rest/v1/continuous_oi_series?on_conflict=symbol%2Cdate "HTTP/2 200 OK"
22:29:43 INFO httpx - HTTP Request: GET https://ytlsqyzwoivtmvznojzb.supabase.co/rest/v1/price_history?select=date%2Copen%2Chigh%2Clow%2Cclose%2Cvolume&symbol=eq.TRENT&order=date.desc&limit=5 "HTTP/2 200 OK"
22:29:43 INFO httpx - HTTP Request: GET https://ytlsqyzwoivtmvznojzb.supabase.co/rest/v1/futures_continuous_series?select=%2A&symbol=eq.TRENT&date=eq.2026-05-27 "HTTP/2 200 OK"
22:29:43 INFO httpx - HTTP Request: PATCH https://ytlsqyzwoivtmvznojzb.supabase.co/rest/v1/futures_continuous_series?symbol=eq.TRENT&date=eq.2026-05-27 "HTTP/2 200 OK"
22:29:43 INFO httpx - HTTP Request: GET https://ytlsqyzwoivtmvznojzb.supabase.co/rest/v1/options_snapshots?select=%2A&symbol=eq.TRENT&snapshot_date=eq.2026-05-27&order=expiry_date.asc%2Cstrike.asc "HTTP/2 200 OK"
22:29:43 INFO httpx - HTTP Request: GET https://ytlsqyzwoivtmvznojzb.supabase.co/rest/v1/continuous_oi_series?select=%2A&symbol=eq.TRENT&order=date.desc&limit=2 "HTTP/2 200 OK"
22:29:43 INFO httpx - HTTP Request: POST https://ytlsqyzwoivtmvznojzb.supabase.co/rest/v1/continuous_oi_series?on_conflict=symbol%2Cdate "HTTP/2 200 OK"
22:29:43 INFO httpx - HTTP Request: GET https://ytlsqyzwoivtmvznojzb.supabase.co/rest/v1/price_history?select=date%2Copen%2Chigh%2Clow%2Cclose%2Cvolume&symbol=eq.ULTRACEMCO&order=date.desc&limit=5 "HTTP/2 200 OK"
22:29:43 INFO httpx - HTTP Request: GET https://ytlsqyzwoivtmvznojzb.supabase.co/rest/v1/futures_continuous_series?select=%2A&symbol=eq.ULTRACEMCO&date=eq.2026-05-27 "HTTP/2 200 OK"
22:29:43 INFO httpx - HTTP Request: PATCH https://ytlsqyzwoivtmvznojzb.supabase.co/rest/v1/futures_continuous_series?symbol=eq.ULTRACEMCO&date=eq.2026-05-27 "HTTP/2 200 OK"
22:29:43 INFO httpx - HTTP Request: GET https://ytlsqyzwoivtmvznojzb.supabase.co/rest/v1/options_snapshots?select=%2A&symbol=eq.ULTRACEMCO&snapshot_date=eq.2026-05-27&order=expiry_date.asc%2Cstrike.asc "HTTP/2 200 OK"
22:29:43 INFO httpx - HTTP Request: GET https://ytlsqyzwoivtmvznojzb.supabase.co/rest/v1/continuous_oi_series?select=%2A&symbol=eq.ULTRACEMCO&order=date.desc&limit=2 "HTTP/2 200 OK"
22:29:43 INFO httpx - HTTP Request: POST https://ytlsqyzwoivtmvznojzb.supabase.co/rest/v1/continuous_oi_series?on_conflict=symbol%2Cdate "HTTP/2 200 OK"
22:29:43 INFO httpx - HTTP Request: GET https://ytlsqyzwoivtmvznojzb.supabase.co/rest/v1/price_history?select=date%2Copen%2Chigh%2Clow%2Cclose%2Cvolume&symbol=eq.WIPRO&order=date.desc&limit=5 "HTTP/2 200 OK"
22:29:43 INFO httpx - HTTP Request: GET https://ytlsqyzwoivtmvznojzb.supabase.co/rest/v1/futures_continuous_series?select=%2A&symbol=eq.WIPRO&date=eq.2026-05-27 "HTTP/2 200 OK"
22:29:43 INFO httpx - HTTP Request: PATCH https://ytlsqyzwoivtmvznojzb.supabase.co/rest/v1/futures_continuous_series?symbol=eq.WIPRO&date=eq.2026-05-27 "HTTP/2 200 OK"
22:29:43 INFO httpx - HTTP Request: GET https://ytlsqyzwoivtmvznojzb.supabase.co/rest/v1/options_snapshots?select=%2A&symbol=eq.WIPRO&snapshot_date=eq.2026-05-27&order=expiry_date.asc%2Cstrike.asc "HTTP/2 200 OK"
22:29:43 INFO httpx - HTTP Request: GET https://ytlsqyzwoivtmvznojzb.supabase.co/rest/v1/continuous_oi_series?select=%2A&symbol=eq.WIPRO&order=date.desc&limit=2 "HTTP/2 200 OK"
22:29:43 INFO httpx - HTTP Request: POST https://ytlsqyzwoivtmvznojzb.supabase.co/rest/v1/continuous_oi_series?on_conflict=symbol%2Cdate "HTTP/2 200 OK"
22:29:43 INFO pipeline.oi_series_builder - OI series builder: 50 stored, 0 no-futures, 0 no-options, 0 errors
22:29:43 INFO pipeline.orchestrator - OI builder: stored=50 no_futures=0 no_options=0 errors=0
22:29:43 INFO httpx - HTTP Request: PATCH https://ytlsqyzwoivtmvznojzb.supabase.co/rest/v1/analysis_sessions?session_id=eq.SESSION_20260527 "HTTP/2 200 OK"
22:29:43 INFO pipeline.orchestrator - Stage 2.6: Market Regime Detection...
22:29:44 INFO httpx - HTTP Request: GET https://ytlsqyzwoivtmvznojzb.supabase.co/rest/v1/price_history?select=date%2Copen%2Chigh%2Clow%2Cclose%2Cvolume&symbol=eq.NIFTY_50&order=date.desc&limit=65 "HTTP/2 200 OK"
22:29:44 INFO httpx - HTTP Request: GET https://ytlsqyzwoivtmvznojzb.supabase.co/rest/v1/price_history?select=date%2Copen%2Chigh%2Clow%2Cclose%2Cvolume&symbol=eq.INDIA_VIX&order=date.desc&limit=35 "HTTP/2 200 OK"
22:29:44 INFO pipeline.market_regime - Market regime: SIDEWAYS_WIDE | Nifty=23907.2 | EMA20=23835.9 | EMA50=24009.8 | ret20d=-1.12% | VIX=14.98
22:29:44 INFO pipeline.orchestrator - Regime: SIDEWAYS_WIDE | Nifty=23907.2 | VIX=14.98
22:29:44 INFO httpx - HTTP Request: PATCH https://ytlsqyzwoivtmvznojzb.supabase.co/rest/v1/analysis_sessions?session_id=eq.SESSION_20260527 "HTTP/2 200 OK"
22:29:44 INFO pipeline.orchestrator - Stage 3: Level 1 Filter...
22:29:53 INFO pipeline.level1_filter - Earnings window: ABAN — Financial Results on 2026-05-28
22:29:53 INFO pipeline.level1_filter - Earnings window: ABINFRA — Financial Results/Dividend on 2026-05-28
22:29:53 INFO pipeline.level1_filter - Earnings window: AEGISVOPAK — Financial Results/Dividend on 2026-05-28
22:29:53 INFO pipeline.level1_filter - Earnings window: AEPL — Financial Results on 2026-05-28
22:29:53 INFO pipeline.level1_filter - Earnings window: AHLEAST — Financial Results/Dividend/Other business matters on 2026-05-28
22:29:53 INFO pipeline.level1_filter - Earnings window: AJOONI — Financial Results on 2026-05-28
22:29:53 INFO pipeline.level1_filter - Earnings window: AKSHOPTFBR — Financial Results/Other business matters on 2026-05-28
22:29:53 INFO pipeline.level1_filter - Earnings window: ALKEM — Financial Results/Dividend on 2026-05-28
22:29:53 INFO pipeline.level1_filter - Earnings window: AMNPLST — Financial Results/Dividend on 2026-05-28
22:29:53 INFO pipeline.level1_filter - Earnings window: ANTGRAPHIC — Financial Results/Other business matters on 2026-05-28
22:29:53 INFO pipeline.level1_filter - Earnings window: ANUP — Financial Results/Dividend on 2026-05-28
22:29:53 INFO pipeline.level1_filter - Earnings window: APARINDS — Financial Results/Dividend on 2026-05-28
22:29:53 INFO pipeline.level1_filter - Earnings window: ARSSINFRA — Financial Results on 2026-05-28
22:29:53 INFO pipeline.level1_filter - Earnings window: ASHAPURMIN — Financial Results/Dividend/Other business matters on 2026-05-28
22:29:53 INFO pipeline.level1_filter - Earnings window: ASHOKLEY — Financial Results/Dividend/Fund Raising on 2026-05-28
22:29:53 INFO pipeline.level1_filter - Earnings window: ASIANHOTNR — Financial Results on 2026-05-28
22:29:53 INFO pipeline.level1_filter - Earnings window: ATCOM — Financial Results on 2026-05-28
22:29:53 INFO pipeline.level1_filter - Earnings window: AVANTIFEED — Financial Results/Dividend/Other business matters on 2026-05-28
22:29:53 INFO pipeline.level1_filter - Earnings window: AVTNPL — Financial Results/Dividend/Other business matters on 2026-05-28
22:29:53 INFO pipeline.level1_filter - Earnings window: BALAXI — Financial Results/Other business matters on 2026-05-28
22:29:53 INFO pipeline.level1_filter - Earnings window: BANARBEADS — Financial Results on 2026-05-28
22:29:53 INFO pipeline.level1_filter - Earnings window: BANCOINDIA — Financial Results/Dividend on 2026-05-28
22:29:53 INFO pipeline.level1_filter - Earnings window: BDL — Financial Results/Dividend on 2026-05-28
22:29:53 INFO pipeline.level1_filter - Earnings window: BEDMUTHA — Financial Results on 2026-05-28
22:29:53 INFO pipeline.level1_filter - Earnings window: BFUTILITIE — Financial Results on 2026-05-28
22:29:53 INFO pipeline.level1_filter - Earnings window: BIGBLOC — Financial Results on 2026-05-28
22:29:53 INFO pipeline.level1_filter - Earnings window: BLKASHYAP — Financial Results on 2026-05-28
22:29:53 INFO pipeline.level1_filter - Earnings window: BPL — Financial Results on 2026-05-28
22:29:53 INFO pipeline.level1_filter - Earnings window: COMPUSOFT — Financial Results/Dividend on 2026-05-28
22:29:53 INFO pipeline.level1_filter - Earnings window: CORDSCABLE — Financial Results/Dividend on 2026-05-28
22:29:53 INFO pipeline.level1_filter - Earnings window: CURAA — Financial Results/Other business matters on 2026-05-28
22:29:53 INFO pipeline.level1_filter - Earnings window: DCM — Financial Results on 2026-05-28
22:29:53 INFO pipeline.level1_filter - Earnings window: DEEPAKFERT — Financial Results/Dividend on 2026-05-28
22:29:53 INFO pipeline.level1_filter - Earnings window: DELPHIFX — Financial Results on 2026-05-28
22:29:53 INFO pipeline.level1_filter - Earnings window: DEVIT — Financial Results/Dividend/Other business matters on 2026-05-28
22:29:53 INFO pipeline.level1_filter - Earnings window: DHAMPURSUG — Financial Results/Other business matters on 2026-05-28
22:29:53 INFO pipeline.level1_filter - Earnings window: DHRUV — Financial Results/Other business matters on 2026-05-28
22:29:53 INFO pipeline.level1_filter - Earnings window: DNAMEDIA — Financial Results on 2026-05-28
22:29:53 INFO pipeline.level1_filter - Earnings window: ECOSMOBLTY — Financial Results on 2026-05-28
22:29:53 INFO pipeline.level1_filter - Earnings window: EFCIL — Financial Results on 2026-05-28
22:29:53 INFO pipeline.level1_filter - Earnings window: EIEL — Financial Results on 2026-05-28
22:29:53 INFO pipeline.level1_filter - Earnings window: ELGIRUBCO — Financial Results on 2026-05-28
22:29:53 INFO pipeline.level1_filter - Earnings window: EMAMIPAP — Financial Results/Dividend on 2026-05-28
22:29:53 INFO pipeline.level1_filter - Earnings window: ENERGYDEV — Financial Results on 2026-05-28
22:29:53 INFO pipeline.level1_filter - Earnings window: ESSENTIA — Financial Results/Other business matters on 2026-05-28
22:29:53 INFO pipeline.level1_filter - Earnings window: ESSENTIA — Financial Results/Other business matters on 2026-05-28
22:29:53 INFO pipeline.level1_filter - Earnings window: FCSSOFT — Financial Results on 2026-05-28
22:29:53 INFO pipeline.level1_filter - Earnings window: FINCABLES — Financial Results/Dividend on 2026-05-28
22:29:53 INFO pipeline.level1_filter - Earnings window: GAUDIUMIVF — Financial Results on 2026-05-28
22:29:53 INFO pipeline.level1_filter - Earnings window: GKSL — Financial Results on 2026-05-28
22:29:53 INFO pipeline.level1_filter - Earnings window: GLOBAL — Financial Results/Dividend/Other business matters on 2026-05-28
22:29:53 INFO pipeline.level1_filter - Earnings window: GOKUL — Financial Results/Other business matters on 2026-05-28
22:29:53 INFO pipeline.level1_filter - Earnings window: GPPL — Financial Results/Dividend/Other business matters on 2026-05-28
22:29:53 INFO pipeline.level1_filter - Earnings window: GRAPHITE — Financial Results/Dividend on 2026-05-28
22:29:53 INFO pipeline.level1_filter - Earnings window: HAPPSTMNDS — Financial Results/Dividend on 2026-05-28
22:29:53 INFO pipeline.level1_filter - Earnings window: HEADSUP — Financial Results on 2026-05-28
22:29:53 INFO pipeline.level1_filter - Earnings window: HECPROJECT — Financial Results/Other business matters on 2026-05-28
22:29:53 INFO pipeline.level1_filter - Earnings window: HERANBA — Financial Results/Dividend/Other business matters on 2026-05-28
22:29:53 INFO pipeline.level1_filter - Earnings window: HGINFRA — Financial Results/Dividend on 2026-05-28
22:29:53 INFO pipeline.level1_filter - Earnings window: HITECH — Financial Results/Fund Raising/Other business matters on 2026-05-28
22:29:53 INFO pipeline.level1_filter - Earnings window: HMVL — Financial Results/Dividend on 2026-05-28
22:29:53 INFO pipeline.level1_filter - Earnings window: HPIL — Financial Results/Other business matters on 2026-05-28
22:29:53 INFO pipeline.level1_filter - Earnings window: IFBAGRO — Financial Results on 2026-05-28
22:29:53 INFO pipeline.level1_filter - Earnings window: IGCL — Financial Results on 2026-05-28
22:29:53 INFO pipeline.level1_filter - Earnings window: INDNIPPON — Financial Results on 2026-05-28
22:29:53 INFO pipeline.level1_filter - Earnings window: INDSWFTLAB — Financial Results on 2026-05-28
22:29:53 INFO pipeline.level1_filter - Earnings window: INNOVISION — Financial Results on 2026-05-28
22:29:53 INFO pipeline.level1_filter - Earnings window: INSECTICID — Financial Results on 2026-05-28
22:29:53 INFO pipeline.level1_filter - Earnings window: ISHANCH — Financial Results on 2026-05-28
22:29:53 INFO pipeline.level1_filter - Earnings window: ITI — Financial Results on 2026-05-28
22:29:53 INFO pipeline.level1_filter - Earnings window: JAGRAN — Financial Results/Dividend on 2026-05-28
22:29:53 INFO pipeline.level1_filter - Earnings window: JAIPURKURT — Financial Results/Other business matters on 2026-05-28
22:29:53 INFO pipeline.level1_filter - Earnings window: JMA — Financial Results/Dividend on 2026-05-28
22:29:53 INFO pipeline.level1_filter - Earnings window: JSWHL — Financial Results on 2026-05-28
22:29:53 INFO pipeline.level1_filter - Earnings window: KABRAEXTRU — Financial Results/Dividend on 2026-05-28
22:29:53 INFO pipeline.level1_filter - Earnings window: KAKATCEM — Financial Results/Dividend/Other business matters on 2026-05-28
22:29:53 INFO pipeline.level1_filter - Earnings window: KALYANI — Financial Results on 2026-05-28
22:29:53 INFO pipeline.level1_filter - Earnings window: KARMAENG — Financial Results/Other business matters on 2026-05-28
22:29:53 INFO pipeline.level1_filter - Earnings window: KCP — Financial Results on 2026-05-28
22:29:53 INFO pipeline.level1_filter - Earnings window: KOHINOOR — Financial Results/Other business matters on 2026-05-28
22:29:53 INFO pipeline.level1_filter - Earnings window: LAL — Financial Results on 2026-05-28
22:29:53 INFO pipeline.level1_filter - Earnings window: LEMERITE — Financial Results on 2026-05-28
22:29:53 INFO pipeline.level1_filter - Earnings window: LEMONTREE — Financial Results/Other business matters on 2026-05-28
22:29:53 INFO pipeline.level1_filter - Earnings window: LFIC — Financial Results/Dividend on 2026-05-28
22:29:53 INFO pipeline.level1_filter - Earnings window: LINCOLN — Financial Results/Dividend on 2026-05-28
22:29:53 INFO pipeline.level1_filter - Earnings window: LORDSCHLO — Financial Results on 2026-05-28
22:29:53 INFO pipeline.level1_filter - Earnings window: LUMAXIND — Financial Results/Dividend/Other business matters on 2026-05-28
22:29:53 INFO pipeline.level1_filter - Earnings window: MADHUCON — Financial Results on 2026-05-28
22:29:53 INFO pipeline.level1_filter - Earnings window: MALLCOM — Financial Results/Dividend/Other business matters on 2026-05-28
22:29:53 INFO pipeline.level1_filter - Earnings window: MALUPAPER — Financial Results/Other business matters on 2026-05-28
22:29:53 INFO pipeline.level1_filter - Earnings window: MANCREDIT — Financial Results/Dividend on 2026-05-28
22:29:53 INFO pipeline.level1_filter - Earnings window: MAXIND — Financial Results on 2026-05-28
22:29:53 INFO pipeline.level1_filter - Earnings window: MBECL — Financial Results on 2026-05-28
22:29:53 INFO pipeline.level1_filter - Earnings window: MHLXMIRU — Financial Results on 2026-05-28
22:29:53 INFO pipeline.level1_filter - Earnings window: MMTC — Financial Results on 2026-05-28
22:29:53 INFO pipeline.level1_filter - Earnings window: MONEYBOXX — Financial Results on 2026-05-28
22:29:53 INFO pipeline.level1_filter - Earnings window: MOTOGENFIN — Financial Results/Other business matters on 2026-05-28
22:29:53 INFO pipeline.level1_filter - Earnings window: MTEDUCARE — Financial Results/Other business matters on 2026-05-28
22:29:53 INFO pipeline.level1_filter - Earnings window: NAGREEKCAP — Financial Results/Other business matters on 2026-05-28
22:29:53 INFO pipeline.level1_filter - Earnings window: NAHARCAP — Financial Results/Dividend/Other business matters on 2026-05-28
22:29:53 INFO pipeline.level1_filter - Earnings window: NAHARPOLY — Financial Results/Dividend/Other business matters on 2026-05-28
22:29:53 INFO pipeline.level1_filter - Earnings window: NAHARSPING — Financial Results/Dividend on 2026-05-28
22:29:53 INFO pipeline.level1_filter - Earnings window: NDGL — Financial Results/Dividend on 2026-05-28
22:29:53 INFO pipeline.level1_filter - Earnings window: NDL — Financial Results on 2026-05-28
22:29:53 INFO pipeline.level1_filter - Earnings window: NIBL — Financial Results on 2026-05-28
22:29:53 INFO pipeline.level1_filter - Earnings window: NPST — Financial Results/Dividend/Other business matters on 2026-05-28
22:29:53 INFO pipeline.level1_filter - Earnings window: NSIL — Financial Results on 2026-05-28
22:29:53 INFO pipeline.level1_filter - Earnings window: NXT-INFRA — Financial Results/Dividend/Fund Raising on 2026-05-28
22:29:53 INFO pipeline.level1_filter - Earnings window: ORIENTLTD — Financial Results on 2026-05-28
22:29:53 INFO pipeline.level1_filter - Earnings window: PAVNAIND — Financial Results on 2026-05-28
22:29:53 INFO pipeline.level1_filter - Earnings window: PFOCUS — Financial Results/Dividend on 2026-05-28
22:29:53 INFO pipeline.level1_filter - Earnings window: PGHH — Financial Results/Dividend on 2026-05-28
22:29:53 INFO pipeline.level1_filter - Earnings window: PILANIINVS — Financial Results/Dividend/Other business matters on 2026-05-28
22:29:53 INFO pipeline.level1_filter - Earnings window: POKARNA — Financial Results/Dividend on 2026-05-28
22:29:53 INFO pipeline.level1_filter - Earnings window: POWERICA — Financial Results on 2026-05-28
22:29:53 INFO pipeline.level1_filter - Earnings window: PRAJIND — Financial Results/Dividend on 2026-05-28
22:29:53 INFO pipeline.level1_filter - Earnings window: PRAKASHSTL — Financial Results/Other business matters on 2026-05-28
22:29:53 INFO pipeline.level1_filter - Earnings window: RELAXO — Financial Results/Dividend/Other business matters on 2026-05-28
22:29:53 INFO pipeline.level1_filter - Earnings window: RETAIL — Financial Results on 2026-05-28
22:29:53 INFO pipeline.level1_filter - Earnings window: RGL — Financial Results on 2026-05-28
22:29:53 INFO pipeline.level1_filter - Earnings window: RHIM — Financial Results/Dividend on 2026-05-28
22:29:53 INFO pipeline.level1_filter - Earnings window: RHL — Financial Results on 2026-05-28
22:29:53 INFO pipeline.level1_filter - Earnings window: RMCL — Financial Results/Other business matters on 2026-05-28
22:29:53 INFO pipeline.level1_filter - Earnings window: ROLLT — Financial Results/Other business matters on 2026-05-28
22:29:53 INFO pipeline.level1_filter - Earnings window: RUBYMILLS — Financial Results/Dividend on 2026-05-28
22:29:53 INFO pipeline.level1_filter - Earnings window: RUCHINFRA — Financial Results/Other business matters on 2026-05-28
22:29:53 INFO pipeline.level1_filter - Earnings window: RUCHIRA — Financial Results/Dividend on 2026-05-28
22:29:53 INFO pipeline.level1_filter - Earnings window: SAHLIBHFI — Financial Results/Dividend on 2026-05-28
22:29:53 INFO pipeline.level1_filter - Earnings window: SANCO — Financial Results on 2026-05-28
22:29:53 INFO pipeline.level1_filter - Earnings window: SCHNEIDER — Financial Results/Other business matters on 2026-05-28
22:29:53 INFO pipeline.level1_filter - Earnings window: SELMC — Financial Results on 2026-05-28
22:29:53 INFO pipeline.level1_filter - Earnings window: SHALPAINTS — Financial Results on 2026-05-28
22:29:53 INFO pipeline.level1_filter - Earnings window: SHIVAMAUTO — Financial Results on 2026-05-28
22:29:53 INFO pipeline.level1_filter - Earnings window: SIMPLEXINF — Financial Results on 2026-05-28
22:29:53 INFO pipeline.level1_filter - Earnings window: SPMLINFRA — Financial Results on 2026-05-28
22:29:53 INFO pipeline.level1_filter - Earnings window: SUMIT — Financial Results on 2026-05-28
22:29:53 INFO pipeline.level1_filter - Earnings window: SUMIT — Financial Results/Dividend on 2026-05-28
22:29:53 INFO pipeline.level1_filter - Earnings window: TAJGVK — Financial Results/Dividend on 2026-05-28
22:29:53 INFO pipeline.level1_filter - Earnings window: TBOTEK — Financial Results on 2026-05-28
22:29:53 INFO pipeline.level1_filter - Earnings window: TCPLPACK — Financial Results/Dividend/Other business matters on 2026-05-28
22:29:53 INFO pipeline.level1_filter - Earnings window: TENNIND — Financial Results on 2026-05-28
22:29:53 INFO pipeline.level1_filter - Earnings window: TEXMOPIPES — Financial Results on 2026-05-28
22:29:53 INFO pipeline.level1_filter - Earnings window: THEMISMED — Financial Results/Dividend on 2026-05-28
22:29:53 INFO pipeline.level1_filter - Earnings window: TIIL — Financial Results on 2026-05-28
22:29:53 INFO pipeline.level1_filter - Earnings window: TIL — Financial Results on 2026-05-28
22:29:53 INFO pipeline.level1_filter - Earnings window: TOLINS — Financial Results on 2026-05-28
22:29:53 INFO pipeline.level1_filter - Earnings window: UDS — Financial Results on 2026-05-28
22:29:53 INFO pipeline.level1_filter - Earnings window: UNIMECH — Financial Results on 2026-05-28
22:29:53 INFO pipeline.level1_filter - Earnings window: UNITECH — Financial Results on 2026-05-28
22:29:53 INFO pipeline.level1_filter - Earnings window: URAVIDEF — Financial Results on 2026-05-28
22:29:53 INFO pipeline.level1_filter - Earnings window: V2RETAIL — Financial Results/Other business matters on 2026-05-28
22:29:53 INFO pipeline.level1_filter - Earnings window: VETO — Financial Results/Dividend/Other business matters on 2026-05-28
22:29:53 INFO pipeline.level1_filter - Earnings window: VIRINCHI — Financial Results on 2026-05-28
22:29:53 INFO pipeline.level1_filter - Earnings window: VIVIMEDLAB — Financial Results on 2026-05-28
22:29:53 INFO pipeline.level1_filter - Earnings window: VRAJ — Financial Results on 2026-05-28
22:29:53 INFO pipeline.level1_filter - Earnings window: WEIZMANIND — Financial Results/Dividend on 2026-05-28
22:29:53 INFO pipeline.level1_filter - Earnings window: WEL — Financial Results on 2026-05-28
22:29:53 INFO pipeline.level1_filter - Earnings window: ZODIACLOTH — Financial Results on 2026-05-28
22:29:53 INFO pipeline.level1_filter - Earnings window: A2ZINFRA — Financial Results on 2026-05-29
22:29:53 INFO pipeline.level1_filter - Earnings window: AAREYDRUGS — Financial Results on 2026-05-29
22:29:53 INFO pipeline.level1_filter - Earnings window: ABHISHEK — Financial Results on 2026-05-29
22:29:53 INFO pipeline.level1_filter - Earnings window: ADL — Financial Results on 2026-05-29
22:29:53 INFO pipeline.level1_filter - Earnings window: AEGISLOG — Financial Results/Dividend on 2026-05-29
22:29:53 INFO pipeline.level1_filter - Earnings window: AGROPHOS — Financial Results/Other business matters on 2026-05-29
22:29:53 INFO pipeline.level1_filter - Earnings window: AHCL — Financial Results on 2026-05-29
22:29:53 INFO pipeline.level1_filter - Earnings window: ALPA — Financial Results on 2026-05-29
22:29:53 INFO pipeline.level1_filter - Earnings window: ARCHIES — Financial Results on 2026-05-29
22:29:53 INFO pipeline.level1_filter - Earnings window: ASIANPAINT — Financial Results/Dividend on 2026-05-29
22:29:53 INFO pipeline.level1_filter - Earnings window: ASMS — Financial Results on 2026-05-29
22:29:53 INFO pipeline.level1_filter - Earnings window: AUSOMENT — Financial Results/Dividend/Other business matters on 2026-05-29
22:29:53 INFO pipeline.level1_filter - Earnings window: AWHCL — Financial Results/Dividend on 2026-05-29
22:29:53 INFO pipeline.level1_filter - Earnings window: BAFNAPH — Financial Results on 2026-05-29
22:29:53 INFO pipeline.level1_filter - Earnings window: BAJAJHIND — Financial Results on 2026-05-29
22:29:53 INFO pipeline.level1_filter - Earnings window: BALAJEE — Financial Results/Other business matters on 2026-05-29
22:29:53 INFO pipeline.level1_filter - Earnings window: BANG — Financial Results on 2026-05-29
22:29:53 INFO pipeline.level1_filter - Earnings window: BASML — Financial Results/Dividend on 2026-05-29
22:29:53 INFO pipeline.level1_filter - Earnings window: BEML — Financial Results/Dividend on 2026-05-29
22:29:53 INFO pipeline.level1_filter - Earnings window: BFINVEST — Financial Results/Dividend on 2026-05-29
22:29:53 INFO pipeline.level1_filter - Earnings window: BGLOBAL — Financial Results on 2026-05-29
22:29:53 INFO pipeline.level1_filter - Earnings window: BHANDARI — Financial Results/Dividend on 2026-05-29
22:29:53 INFO pipeline.level1_filter - Earnings window: BHARATIDIL — Financial Results on 2026-05-29
22:29:53 INFO pipeline.level1_filter - Earnings window: BIL — Financial Results on 2026-05-29
22:29:53 INFO pipeline.level1_filter - Earnings window: BLUEBLENDS — Financial Results on 2026-05-29
22:29:53 INFO pipeline.level1_filter - Earnings window: BOHRAIND — Financial Results on 2026-05-29
22:29:53 INFO pipeline.level1_filter - Earnings window: BROOKS — Financial Results on 2026-05-29
22:29:53 INFO pipeline.level1_filter - Earnings window: BTML — Financial Results/Other business matters on 2026-05-29
22:29:53 INFO pipeline.level1_filter - Earnings window: CCAVENUE — Financial Results/Other business matters on 2026-05-29
22:29:53 INFO pipeline.level1_filter - Earnings window: CEREBRAINT — Financial Results on 2026-05-29
22:29:53 INFO pipeline.level1_filter - Earnings window: CONCORDBIO — Financial Results/Dividend on 2026-05-29
22:29:53 INFO pipeline.level1_filter - Earnings window: CPCAP — Financial Results on 2026-05-29
22:29:53 INFO pipeline.level1_filter - Earnings window: DAVANGERE — Financial Results on 2026-05-29
22:29:53 INFO pipeline.level1_filter - Earnings window: DBREALTY — Financial Results on 2026-05-29
22:29:53 INFO pipeline.level1_filter - Earnings window: DECCANCE — Financial Results/Dividend/Other business matters on 2026-05-29
22:29:53 INFO pipeline.level1_filter - Earnings window: DREAMFOLKS — Financial Results on 2026-05-29
22:29:53 INFO pipeline.level1_filter - Earnings window: DUCON — Financial Results/Other business matters on 2026-05-29
22:29:53 INFO pipeline.level1_filter - Earnings window: DYNPRO — Financial Results on 2026-05-29
22:29:53 INFO pipeline.level1_filter - Earnings window: DYNPRO — Financial Results/Dividend on 2026-05-29
22:29:53 INFO pipeline.level1_filter - Earnings window: EKC — Financial Results/Dividend on 2026-05-29
22:29:53 INFO pipeline.level1_filter - Earnings window: EMSLIMITED — Financial Results on 2026-05-29
22:29:53 INFO pipeline.level1_filter - Earnings window: EQUIPPP — Financial Results/Other business matters on 2026-05-29
22:29:53 INFO pipeline.level1_filter - Earnings window: EROSMEDIA — Financial Results/Other business matters on 2026-05-29
22:29:53 INFO pipeline.level1_filter - Earnings window: FACT — Financial Results on 2026-05-29
22:29:53 INFO pipeline.level1_filter - Earnings window: FCONSUMER — Financial Results on 2026-05-29
22:29:53 INFO pipeline.level1_filter - Earnings window: FILATFASH — Financial Results on 2026-05-29
22:29:53 INFO pipeline.level1_filter - Earnings window: FISCHER — Financial Results/Dividend on 2026-05-29
22:29:53 INFO pipeline.level1_filter - Earnings window: FOODSIN — Financial Results/Dividend/Other business matters on 2026-05-29
22:29:53 INFO pipeline.level1_filter - Earnings window: GANESHHOU — Financial Results/Dividend on 2026-05-29
22:29:53 INFO pipeline.level1_filter - Earnings window: GANGAFORGE — Financial Results on 2026-05-29
22:29:53 INFO pipeline.level1_filter - Earnings window: GATECH — Financial Results on 2026-05-29
22:29:53 INFO pipeline.level1_filter - Earnings window: GATECHDVR — Financial Results on 2026-05-29
22:29:53 INFO pipeline.level1_filter - Earnings window: GBGLOBAL — Financial Results/Other business matters on 2026-05-29
22:29:53 INFO pipeline.level1_filter - Earnings window: GENCON — Financial Results on 2026-05-29
22:29:53 INFO pipeline.level1_filter - Earnings window: GENESYS — Financial Results/Other business matters on 2026-05-29
22:29:53 INFO pipeline.level1_filter - Earnings window: GFLLIMITED — Financial Results on 2026-05-29
22:29:53 INFO pipeline.level1_filter - Earnings window: GICL — Financial Results/Other business matters on 2026-05-29
22:29:53 INFO pipeline.level1_filter - Earnings window: GIPCL — Financial Results/Dividend on 2026-05-29
22:29:53 INFO pipeline.level1_filter - Earnings window: GLENMARK — Financial Results/Dividend on 2026-05-29
22:29:53 INFO pipeline.level1_filter - Earnings window: GOCLCORP — Financial Results/Dividend on 2026-05-29
22:29:53 INFO pipeline.level1_filter - Earnings window: GOLDTECH — Financial Results on 2026-05-29
22:29:53 INFO pipeline.level1_filter - Earnings window: GOYALALUM — Financial Results on 2026-05-29
22:29:53 INFO pipeline.level1_filter - Earnings window: GRMOVER — Financial Results on 2026-05-29
22:29:53 INFO pipeline.level1_filter - Earnings window: GUFICBIO — Financial Results/Dividend/Other business matters on 2026-05-29
22:29:53 INFO pipeline.level1_filter - Earnings window: GUJALKALI — Financial Results/Dividend/Other business matters on 2026-05-29
22:29:53 INFO pipeline.level1_filter - Earnings window: GUJGASLTD — Financial Results/Dividend on 2026-05-29
22:29:53 INFO pipeline.level1_filter - Earnings window: GVKPIL — Financial Results on 2026-05-29
22:29:53 INFO pipeline.level1_filter - Earnings window: HALDER — Financial Results on 2026-05-29
22:29:53 INFO pipeline.level1_filter - Earnings window: HALEOSLABS — Financial Results/Dividend/Other business matters on 2026-05-29
22:29:53 INFO pipeline.level1_filter - Earnings window: HARDWYN — Financial Results on 2026-05-29
22:29:53 INFO pipeline.level1_filter - Earnings window: HGS — Financial Results/Other business matters on 2026-05-29
22:29:53 INFO pipeline.level1_filter - Earnings window: HILTON — Financial Results on 2026-05-29
22:29:53 INFO pipeline.level1_filter - Earnings window: HITECHGEAR — Financial Results/Dividend/Other business matters on 2026-05-29
22:29:53 INFO pipeline.level1_filter - Earnings window: HTMEDIA — Financial Results on 2026-05-29
22:29:53 INFO pipeline.level1_filter - Earnings window: ICDSLTD — Financial Results on 2026-05-29
22:29:53 INFO pipeline.level1_filter - Earnings window: ICEMAKE — Financial Results/Dividend on 2026-05-29
22:29:53 INFO pipeline.level1_filter - Earnings window: INCREDIBLE — Financial Results/Dividend on 2026-05-29
22:29:53 INFO pipeline.level1_filter - Earnings window: INDIANCARD — Financial Results/Other business matters on 2026-05-29
22:29:53 INFO pipeline.level1_filter - Earnings window: INDIGO — Financial Results on 2026-05-29
22:29:53 INFO pipeline.level1_filter - Earnings window: INDOUS — Financial Results on 2026-05-29
22:29:53 INFO pipeline.level1_filter - Earnings window: INGERRAND — Financial Results/Dividend on 2026-05-29
22:29:53 INFO pipeline.level1_filter - Earnings window: INOXGREEN — Financial Results/Other business matters on 2026-05-29
22:29:53 INFO pipeline.level1_filter - Earnings window: INOXWIND — Financial Results/Other business matters on 2026-05-29
22:29:53 INFO pipeline.level1_filter - Earnings window: INTENTECH — Financial Results/Other business matters on 2026-05-29
22:29:53 INFO pipeline.level1_filter - Earnings window: IPCALAB — Financial Results/Dividend on 2026-05-29
22:29:53 INFO pipeline.level1_filter - Earnings window: IREDA — Financial Results on 2026-05-29
22:29:53 INFO pipeline.level1_filter - Earnings window: IVC — Financial Results/Dividend on 2026-05-29
22:29:53 INFO pipeline.level1_filter - Earnings window: JAMNAAUTO — Financial Results/Dividend on 2026-05-29
22:29:53 INFO pipeline.level1_filter - Earnings window: JAYAGROGN — Financial Results/Dividend on 2026-05-29
22:29:53 INFO pipeline.level1_filter - Earnings window: JKIPL — Financial Results on 2026-05-29
22:29:53 INFO pipeline.level1_filter - Earnings window: JMFINANCIL — Financial Results/Dividend on 2026-05-29
22:29:53 INFO pipeline.level1_filter - Earnings window: JPOLYINVST — Financial Results on 2026-05-29
22:29:53 INFO pipeline.level1_filter - Earnings window: JYOTICNC — Financial Results on 2026-05-29
22:29:53 INFO pipeline.level1_filter - Earnings window: KERNEX — Financial Results/Other business matters on 2026-05-29
22:29:53 INFO pipeline.level1_filter - Earnings window: KEYFINSERV — Financial Results/Dividend/Other business matters on 2026-05-29
22:29:53 INFO pipeline.level1_filter - Earnings window: KICL — Financial Results/Dividend on 2026-05-29
22:29:53 INFO pipeline.level1_filter - Earnings window: KINGFA — Financial Results on 2026-05-29
22:29:53 INFO pipeline.level1_filter - Earnings window: KITEX — Financial Results/Dividend on 2026-05-29
22:29:53 INFO pipeline.level1_filter - Earnings window: KMEW — Financial Results/Other business matters on 2026-05-29
22:29:53 INFO pipeline.level1_filter - Earnings window: KNRCON — Financial Results/Dividend on 2026-05-29
22:29:53 INFO pipeline.level1_filter - Earnings window: KOTHARIPRO — Financial Results/Dividend on 2026-05-29
22:29:53 INFO pipeline.level1_filter - Earnings window: KRIDHANINF — Financial Results on 2026-05-29
22:29:53 INFO pipeline.level1_filter - Earnings window: KSERASERA — Financial Results on 2026-05-29
22:29:53 INFO pipeline.level1_filter - Earnings window: LANCORHOL — Financial Results/Dividend/Other business matters on 2026-05-29
22:29:53 INFO pipeline.level1_filter - Earnings window: LASA — Financial Results on 2026-05-29
22:29:53 INFO pipeline.level1_filter - Earnings window: LCCINFOTEC — Financial Results on 2026-05-29
22:29:53 INFO pipeline.level1_filter - Earnings window: LOVABLE — Financial Results on 2026-05-29
22:29:53 INFO pipeline.level1_filter - Earnings window: LUMAXTECH — Financial Results/Dividend/Other business matters on 2026-05-29
22:29:53 INFO pipeline.level1_filter - Earnings window: MAANALU — Financial Results/Other business matters on 2026-05-29
22:29:53 INFO pipeline.level1_filter - Earnings window: MADHAV — Financial Results/Other business matters on 2026-05-29
22:29:53 INFO pipeline.level1_filter - Earnings window: MAMATA — Financial Results on 2026-05-29
22:29:53 INFO pipeline.level1_filter - Earnings window: MANAKSIA — Financial Results on 2026-05-29
22:29:53 INFO pipeline.level1_filter - Earnings window: MANORG — Financial Results on 2026-05-29
22:29:53 INFO pipeline.level1_filter - Earnings window: MCLEODRUSS — Financial Results on 2026-05-29
22:29:53 INFO pipeline.level1_filter - Earnings window: MEDPLUS — Financial Results on 2026-05-29
22:29:53 INFO pipeline.level1_filter - Earnings window: MIDHANI — Financial Results/Dividend on 2026-05-29
22:29:53 INFO pipeline.level1_filter - Earnings window: MIRZAINT — Financial Results on 2026-05-29
22:29:53 INFO pipeline.level1_filter - Earnings window: MKPL — Financial Results/Other business matters on 2026-05-29
22:29:53 INFO pipeline.level1_filter - Earnings window: MMTC — Financial Results/Other business matters on 2026-05-29
22:29:53 INFO pipeline.level1_filter - Earnings window: MODIRUBBER — Financial Results on 2026-05-29
22:29:53 INFO pipeline.level1_filter - Earnings window: MOHITIND — Financial Results on 2026-05-29
22:29:53 INFO pipeline.level1_filter - Earnings window: MSTCLTD — Financial Results/Dividend on 2026-05-29
22:29:53 INFO pipeline.level1_filter - Earnings window: MUNJALSHOW — Financial Results/Dividend on 2026-05-29
22:29:53 INFO pipeline.level1_filter - Earnings window: MURUDCERA — Financial Results on 2026-05-29
22:29:53 INFO pipeline.level1_filter - Earnings window: NAGREEKEXP — Financial Results on 2026-05-29
22:29:53 INFO pipeline.level1_filter - Earnings window: NARMADA — Financial Results/Stock Split on 2026-05-29
22:29:53 INFO pipeline.level1_filter - Earnings window: NATCOPHARM — Financial Results on 2026-05-29
22:29:53 INFO pipeline.level1_filter - Earnings window: NCLIND — Financial Results/Dividend/Other business matters on 2026-05-29
22:29:53 INFO pipeline.level1_filter - Earnings window: NECCLTD — Financial Results on 2026-05-29
22:29:53 INFO pipeline.level1_filter - Earnings window: NIBE — Financial Results/Dividend on 2026-05-29
22:29:53 INFO pipeline.level1_filter - Earnings window: NITIRAJ — Financial Results on 2026-05-29
22:29:53 INFO pipeline.level1_filter - Earnings window: NMDC — Financial Results/Dividend on 2026-05-29
22:29:53 INFO pipeline.level1_filter - Earnings window: NSLNISP — Financial Results on 2026-05-29
22:29:53 INFO pipeline.level1_filter - Earnings window: NURECA — Financial Results/Other business matters on 2026-05-29
22:29:53 INFO pipeline.level1_filter - Earnings window: OBCL — Financial Results on 2026-05-29
22:29:53 INFO pipeline.level1_filter - Earnings window: OLECTRA — Financial Results/Dividend on 2026-05-29
22:29:53 INFO pipeline.level1_filter - Earnings window: ONELIFECAP — Financial Results/Fund Raising on 2026-05-29
22:29:53 INFO pipeline.level1_filter - Earnings window: ORICONENT — Financial Results/Dividend on 2026-05-29
22:29:53 INFO pipeline.level1_filter - Earnings window: PAKKA — Financial Results/Dividend/Fund Raising/Other business matters on 2026-05-29
22:29:53 INFO pipeline.level1_filter - Earnings window: PALREDTEC — Financial Results/Other business matters on 2026-05-29
22:29:53 INFO pipeline.level1_filter - Earnings window: PANACEABIO — Financial Results/Dividend on 2026-05-29
22:29:53 INFO pipeline.level1_filter - Earnings window: PANAMAPET — Financial Results/Dividend on 2026-05-29
22:29:53 INFO pipeline.level1_filter - Earnings window: PANSARI — Financial Results on 2026-05-29
22:29:53 INFO pipeline.level1_filter - Earnings window: PASHUPATI — Financial Results on 2026-05-29
22:29:53 INFO pipeline.level1_filter - Earnings window: PENINLAND — Financial Results on 2026-05-29
22:29:53 INFO pipeline.level1_filter - Earnings window: PLAZACABLE — Financial Results on 2026-05-29
22:29:53 INFO pipeline.level1_filter - Earnings window: PRAXIS — Financial Results on 2026-05-29
22:29:53 INFO pipeline.level1_filter - Earnings window: PREMEXPLN — Financial Results/Dividend on 2026-05-29
22:29:53 INFO pipeline.level1_filter - Earnings window: PRIMESECU — Financial Results/Dividend on 2026-05-29
22:29:53 INFO pipeline.level1_filter - Earnings window: PRITI — Financial Results on 2026-05-29
22:29:53 INFO pipeline.level1_filter - Earnings window: PROZONER — Financial Results on 2026-05-29
22:29:53 INFO pipeline.level1_filter - Earnings window: RACE — Financial Results on 2026-05-29
22:29:53 INFO pipeline.level1_filter - Earnings window: RADAAN — Financial Results on 2026-05-29
22:29:53 INFO pipeline.level1_filter - Earnings window: RADIANTCMS — Financial Results/Dividend on 2026-05-29
22:29:53 INFO pipeline.level1_filter - Earnings window: RANASUG — Financial Results on 2026-05-29
22:29:53 INFO pipeline.level1_filter - Earnings window: RCOM — Financial Results/Other business matters on 2026-05-29
22:29:53 INFO pipeline.level1_filter - Earnings window: RELCHEMQ — Financial Results/Dividend on 2026-05-29
22:29:53 INFO pipeline.level1_filter - Earnings window: REPRO — Financial Results on 2026-05-29
22:29:53 INFO pipeline.level1_filter - Earnings window: RICOAUTO — Financial Results/Dividend on 2026-05-29
22:29:53 INFO pipeline.level1_filter - Earnings window: RMC — Financial Results on 2026-05-29
22:29:53 INFO pipeline.level1_filter - Earnings window: RNBDENIMS — Financial Results on 2026-05-29
22:29:53 INFO pipeline.level1_filter - Earnings window: RPPINFRA — Financial Results/Other business matters on 2026-05-29
22:29:53 INFO pipeline.level1_filter - Earnings window: RPPL — Financial Results on 2026-05-29
22:29:53 INFO pipeline.level1_filter - Earnings window: RTNINDIA — Financial Results on 2026-05-29
22:29:53 INFO pipeline.level1_filter - Earnings window: RUBICON — Financial Results/Dividend on 2026-05-29
22:29:53 INFO pipeline.level1_filter - Earnings window: RUSHIL — Financial Results/Dividend/Other business matters on 2026-05-29
22:29:53 INFO pipeline.level1_filter - Earnings window: RVHL — Financial Results on 2026-05-29
22:29:53 INFO pipeline.level1_filter - Earnings window: SABEVENTS — Financial Results on 2026-05-29
22:29:53 INFO pipeline.level1_filter - Earnings window: SALASAR — Financial Results on 2026-05-29
22:29:53 INFO pipeline.level1_filter - Earnings window: SALONA — Financial Results/Dividend on 2026-05-29
22:29:53 INFO pipeline.level1_filter - Earnings window: SALSTEEL — Financial Results/Other business matters on 2026-05-29
22:29:53 INFO pipeline.level1_filter - Earnings window: SANDESH — Financial Results/Dividend/Other business matters on 2026-05-29
22:29:53 INFO pipeline.level1_filter - Earnings window: SARVESHWAR — Financial Results/Other business matters on 2026-05-29
22:29:53 INFO pipeline.level1_filter - Earnings window: SBC — Financial Results/Fund Raising on 2026-05-29
22:29:53 INFO pipeline.level1_filter - Earnings window: SECURKLOUD — Financial Results/Other business matters on 2026-05-29
22:29:53 INFO pipeline.level1_filter - Earnings window: SEMAC — Financial Results on 2026-05-29
22:29:53 INFO pipeline.level1_filter - Earnings window: SGL — Financial Results/Other business matters on 2026-05-29
22:29:53 INFO pipeline.level1_filter - Earnings window: SHREEJISPG — Financial Results/Other business matters on 2026-05-29
22:29:53 INFO pipeline.level1_filter - Earnings window: SICALLOG — Financial Results on 2026-05-29
22:29:53 INFO pipeline.level1_filter - Earnings window: SILGO — Financial Results on 2026-05-29
22:29:53 INFO pipeline.level1_filter - Earnings window: SIMBHALS — Financial Results on 2026-05-29
22:29:53 INFO pipeline.level1_filter - Earnings window: SIMBHALS — Financial Results on 2026-05-29
22:29:53 INFO pipeline.level1_filter - Earnings window: SIMBHALS — Financial Results on 2026-05-29
22:29:53 INFO pipeline.level1_filter - Earnings window: SIMBHALS — Financial Results on 2026-05-29
22:29:53 INFO pipeline.level1_filter - Earnings window: SONAMLTD — Financial Results/Other business matters on 2026-05-29
22:29:53 INFO pipeline.level1_filter - Earnings window: SPCENET — Financial Results on 2026-05-29
22:29:53 INFO pipeline.level1_filter - Earnings window: SPLIL — Financial Results on 2026-05-29
22:29:53 INFO pipeline.level1_filter - Earnings window: SRD — Financial Results on 2026-05-29
22:29:53 INFO pipeline.level1_filter - Earnings window: SREEL — Financial Results/Dividend on 2026-05-29
22:29:53 INFO pipeline.level1_filter - Earnings window: SRPL — Financial Results on 2026-05-29
22:29:53 INFO pipeline.level1_filter - Earnings window: SSDL — Financial Results on 2026-05-29
22:29:53 INFO pipeline.level1_filter - Earnings window: SSWL — Financial Results/Dividend on 2026-05-29
22:29:53 INFO pipeline.level1_filter - Earnings window: SUMEETINDS — Financial Results on 2026-05-29
22:29:53 INFO pipeline.level1_filter - Earnings window: SUNFLAG — Financial Results/Dividend on 2026-05-29
22:29:53 INFO pipeline.level1_filter - Earnings window: SUVIDHAA — Financial Results on 2026-05-29
22:29:53 INFO pipeline.level1_filter - Earnings window: SVLL — Financial Results on 2026-05-29
22:29:53 INFO pipeline.level1_filter - Earnings window: SVPGLOB — Financial Results on 2026-05-29
22:29:53 INFO pipeline.level1_filter - Earnings window: SWANCORP — Financial Results/Dividend on 2026-05-29
22:29:53 INFO pipeline.level1_filter - Earnings window: TARC — Financial Results/Other business matters on 2026-05-29
22:29:53 INFO pipeline.level1_filter - Earnings window: TASTYBITE — Financial Results/Dividend on 2026-05-29
22:29:53 INFO pipeline.level1_filter - Earnings window: TEAMGTY — Financial Results/Other business matters on 2026-05-29
22:29:53 INFO pipeline.level1_filter - Earnings window: TEGA — Financial Results/Dividend on 2026-05-29
22:29:53 INFO pipeline.level1_filter - Earnings window: TI — Financial Results/Dividend on 2026-05-29
22:29:53 INFO pipeline.level1_filter - Earnings window: TICL — Financial Results on 2026-05-29
22:29:53 INFO pipeline.level1_filter - Earnings window: TICL — Financial Results on 2026-05-29
22:29:53 INFO pipeline.level1_filter - Earnings window: TNTELE — Financial Results on 2026-05-29
22:29:53 INFO pipeline.level1_filter - Earnings window: TRIVENI — Financial Results/Dividend on 2026-05-29
22:29:53 INFO pipeline.level1_filter - Earnings window: UNIVPHOTO — Financial Results on 2026-05-29
22:29:53 INFO pipeline.level1_filter - Earnings window: VALECHAENG — Financial Results on 2026-05-29
22:29:53 INFO pipeline.level1_filter - Earnings window: VARDMNPOLY — Financial Results on 2026-05-29
22:29:53 INFO pipeline.level1_filter - Earnings window: VERTOZ — Financial Results/Dividend on 2026-05-29
22:29:53 INFO pipeline.level1_filter - Earnings window: VISHWARAJ — Financial Results on 2026-05-29
22:29:53 INFO pipeline.level1_filter - Earnings window: VITAL — Financial Results/Other business matters on 2026-05-29
22:29:53 INFO pipeline.level1_filter - Earnings window: VIVIDHA — Financial Results on 2026-05-29
22:29:53 INFO pipeline.level1_filter - Earnings window: VMSTMT — Financial Results on 2026-05-29
22:29:53 INFO pipeline.level1_filter - Earnings window: WANBURY — Financial Results on 2026-05-29
22:29:53 INFO pipeline.level1_filter - Earnings window: WANBURY — Financial Results on 2026-05-29
22:29:53 INFO pipeline.level1_filter - Earnings window: WEALTH — Financial Results/Dividend/Other business matters on 2026-05-29
22:29:53 INFO pipeline.level1_filter - Earnings window: WEALTH — Financial Results/Other business matters on 2026-05-29
22:29:53 INFO pipeline.level1_filter - Earnings window: XELPMOC — Financial Results on 2026-05-29
22:29:53 INFO pipeline.level1_filter - Earnings window: ZEEMEDIA — Financial Results on 2026-05-29
22:29:53 INFO pipeline.level1_filter - Earnings window: ZENITHEXPO — Financial Results on 2026-05-29
22:29:53 INFO pipeline.level1_filter - NSE calendar: 370 Nifty50 stocks with events in next 5 trading days
22:29:53 INFO httpx - HTTP Request: GET https://ytlsqyzwoivtmvznojzb.supabase.co/rest/v1/price_history?select=date%2Copen%2Chigh%2Clow%2Cclose%2Cvolume&symbol=eq.ADANIENT&order=date.desc&limit=5 "HTTP/2 200 OK"
22:29:53 INFO httpx - HTTP Request: GET https://ytlsqyzwoivtmvznojzb.supabase.co/rest/v1/price_history?select=date%2Copen%2Chigh%2Clow%2Cclose%2Cvolume&symbol=eq.ADANIENT&order=date.desc&limit=25 "HTTP/2 200 OK"
22:29:53 INFO httpx - HTTP Request: GET https://ytlsqyzwoivtmvznojzb.supabase.co/rest/v1/options_snapshots?select=snapshot_date&symbol=eq.ADANIENT&order=snapshot_date.desc&limit=1 "HTTP/2 200 OK"
22:29:53 INFO httpx - HTTP Request: GET https://ytlsqyzwoivtmvznojzb.supabase.co/rest/v1/options_snapshots?select=%2A&symbol=eq.ADANIENT&snapshot_date=eq.2026-05-27&expiry_date=eq.2026-06-30&order=strike.asc "HTTP/2 200 OK"
22:29:53 INFO httpx - HTTP Request: GET https://ytlsqyzwoivtmvznojzb.supabase.co/rest/v1/price_history?select=date%2Copen%2Chigh%2Clow%2Cclose%2Cvolume&symbol=eq.ADANIPORTS&order=date.desc&limit=5 "HTTP/2 200 OK"
22:29:54 INFO httpx - HTTP Request: GET https://ytlsqyzwoivtmvznojzb.supabase.co/rest/v1/price_history?select=date%2Copen%2Chigh%2Clow%2Cclose%2Cvolume&symbol=eq.ADANIPORTS&order=date.desc&limit=25 "HTTP/2 200 OK"
22:29:54 INFO httpx - HTTP Request: GET https://ytlsqyzwoivtmvznojzb.supabase.co/rest/v1/options_snapshots?select=snapshot_date&symbol=eq.ADANIPORTS&order=snapshot_date.desc&limit=1 "HTTP/2 200 OK"
22:29:54 INFO httpx - HTTP Request: GET https://ytlsqyzwoivtmvznojzb.supabase.co/rest/v1/options_snapshots?select=%2A&symbol=eq.ADANIPORTS&snapshot_date=eq.2026-05-27&expiry_date=eq.2026-06-30&order=strike.asc "HTTP/2 200 OK"
22:29:54 INFO httpx - HTTP Request: GET https://ytlsqyzwoivtmvznojzb.supabase.co/rest/v1/price_history?select=date%2Copen%2Chigh%2Clow%2Cclose%2Cvolume&symbol=eq.APOLLOHOSP&order=date.desc&limit=5 "HTTP/2 200 OK"
22:29:54 INFO httpx - HTTP Request: GET https://ytlsqyzwoivtmvznojzb.supabase.co/rest/v1/price_history?select=date%2Copen%2Chigh%2Clow%2Cclose%2Cvolume&symbol=eq.APOLLOHOSP&order=date.desc&limit=25 "HTTP/2 200 OK"
22:29:54 INFO httpx - HTTP Request: GET https://ytlsqyzwoivtmvznojzb.supabase.co/rest/v1/options_snapshots?select=snapshot_date&symbol=eq.APOLLOHOSP&order=snapshot_date.desc&limit=1 "HTTP/2 200 OK"
22:29:54 INFO httpx - HTTP Request: GET https://ytlsqyzwoivtmvznojzb.supabase.co/rest/v1/options_snapshots?select=%2A&symbol=eq.APOLLOHOSP&snapshot_date=eq.2026-05-27&expiry_date=eq.2026-06-30&order=strike.asc "HTTP/2 200 OK"
22:29:54 INFO httpx - HTTP Request: GET https://ytlsqyzwoivtmvznojzb.supabase.co/rest/v1/price_history?select=date%2Copen%2Chigh%2Clow%2Cclose%2Cvolume&symbol=eq.ASIANPAINT&order=date.desc&limit=5 "HTTP/2 200 OK"
22:29:54 INFO pipeline.level1_filter - ELIMINATED ASIANPAINT — EARNINGS (Financial Results/Dividend:2026-05-29)
22:29:54 INFO httpx - HTTP Request: GET https://ytlsqyzwoivtmvznojzb.supabase.co/rest/v1/price_history?select=date%2Copen%2Chigh%2Clow%2Cclose%2Cvolume&symbol=eq.AXISBANK&order=date.desc&limit=5 "HTTP/2 200 OK"
22:29:54 INFO httpx - HTTP Request: GET https://ytlsqyzwoivtmvznojzb.supabase.co/rest/v1/price_history?select=date%2Copen%2Chigh%2Clow%2Cclose%2Cvolume&symbol=eq.AXISBANK&order=date.desc&limit=25 "HTTP/2 200 OK"
22:29:54 INFO httpx - HTTP Request: GET https://ytlsqyzwoivtmvznojzb.supabase.co/rest/v1/options_snapshots?select=snapshot_date&symbol=eq.AXISBANK&order=snapshot_date.desc&limit=1 "HTTP/2 200 OK"
22:29:54 INFO httpx - HTTP Request: GET https://ytlsqyzwoivtmvznojzb.supabase.co/rest/v1/options_snapshots?select=%2A&symbol=eq.AXISBANK&snapshot_date=eq.2026-05-27&expiry_date=eq.2026-06-30&order=strike.asc "HTTP/2 200 OK"
22:29:54 INFO httpx - HTTP Request: GET https://ytlsqyzwoivtmvznojzb.supabase.co/rest/v1/price_history?select=date%2Copen%2Chigh%2Clow%2Cclose%2Cvolume&symbol=eq.BAJAJ-AUTO&order=date.desc&limit=5 "HTTP/2 200 OK"
22:29:54 INFO httpx - HTTP Request: GET https://ytlsqyzwoivtmvznojzb.supabase.co/rest/v1/price_history?select=date%2Copen%2Chigh%2Clow%2Cclose%2Cvolume&symbol=eq.BAJAJ-AUTO&order=date.desc&limit=25 "HTTP/2 200 OK"
22:29:54 INFO httpx - HTTP Request: GET https://ytlsqyzwoivtmvznojzb.supabase.co/rest/v1/options_snapshots?select=snapshot_date&symbol=eq.BAJAJ-AUTO&order=snapshot_date.desc&limit=1 "HTTP/2 200 OK"
22:29:54 INFO httpx - HTTP Request: GET https://ytlsqyzwoivtmvznojzb.supabase.co/rest/v1/options_snapshots?select=%2A&symbol=eq.BAJAJ-AUTO&snapshot_date=eq.2026-05-27&expiry_date=eq.2026-06-30&order=strike.asc "HTTP/2 200 OK"
22:29:54 INFO httpx - HTTP Request: GET https://ytlsqyzwoivtmvznojzb.supabase.co/rest/v1/price_history?select=date%2Copen%2Chigh%2Clow%2Cclose%2Cvolume&symbol=eq.BAJAJFINSV&order=date.desc&limit=5 "HTTP/2 200 OK"
22:29:54 INFO httpx - HTTP Request: GET https://ytlsqyzwoivtmvznojzb.supabase.co/rest/v1/price_history?select=date%2Copen%2Chigh%2Clow%2Cclose%2Cvolume&symbol=eq.BAJAJFINSV&order=date.desc&limit=25 "HTTP/2 200 OK"
22:29:55 INFO httpx - HTTP Request: GET https://ytlsqyzwoivtmvznojzb.supabase.co/rest/v1/options_snapshots?select=snapshot_date&symbol=eq.BAJAJFINSV&order=snapshot_date.desc&limit=1 "HTTP/2 200 OK"
22:29:55 INFO httpx - HTTP Request: GET https://ytlsqyzwoivtmvznojzb.supabase.co/rest/v1/options_snapshots?select=%2A&symbol=eq.BAJAJFINSV&snapshot_date=eq.2026-05-27&expiry_date=eq.2026-06-30&order=strike.asc "HTTP/2 200 OK"
22:29:55 INFO httpx - HTTP Request: GET https://ytlsqyzwoivtmvznojzb.supabase.co/rest/v1/price_history?select=date%2Copen%2Chigh%2Clow%2Cclose%2Cvolume&symbol=eq.BAJFINANCE&order=date.desc&limit=5 "HTTP/2 200 OK"
22:29:55 INFO httpx - HTTP Request: GET https://ytlsqyzwoivtmvznojzb.supabase.co/rest/v1/price_history?select=date%2Copen%2Chigh%2Clow%2Cclose%2Cvolume&symbol=eq.BAJFINANCE&order=date.desc&limit=25 "HTTP/2 200 OK"
22:29:55 INFO httpx - HTTP Request: GET https://ytlsqyzwoivtmvznojzb.supabase.co/rest/v1/options_snapshots?select=snapshot_date&symbol=eq.BAJFINANCE&order=snapshot_date.desc&limit=1 "HTTP/2 200 OK"
22:29:55 INFO httpx - HTTP Request: GET https://ytlsqyzwoivtmvznojzb.supabase.co/rest/v1/options_snapshots?select=%2A&symbol=eq.BAJFINANCE&snapshot_date=eq.2026-05-27&expiry_date=eq.2026-06-30&order=strike.asc "HTTP/2 200 OK"
22:29:55 INFO httpx - HTTP Request: GET https://ytlsqyzwoivtmvznojzb.supabase.co/rest/v1/price_history?select=date%2Copen%2Chigh%2Clow%2Cclose%2Cvolume&symbol=eq.BEL&order=date.desc&limit=5 "HTTP/2 200 OK"
22:29:55 INFO httpx - HTTP Request: GET https://ytlsqyzwoivtmvznojzb.supabase.co/rest/v1/price_history?select=date%2Copen%2Chigh%2Clow%2Cclose%2Cvolume&symbol=eq.BEL&order=date.desc&limit=25 "HTTP/2 200 OK"
22:29:55 INFO httpx - HTTP Request: GET https://ytlsqyzwoivtmvznojzb.supabase.co/rest/v1/options_snapshots?select=snapshot_date&symbol=eq.BEL&order=snapshot_date.desc&limit=1 "HTTP/2 200 OK"
22:29:55 INFO httpx - HTTP Request: GET https://ytlsqyzwoivtmvznojzb.supabase.co/rest/v1/options_snapshots?select=%2A&symbol=eq.BEL&snapshot_date=eq.2026-05-27&expiry_date=eq.2026-06-30&order=strike.asc "HTTP/2 200 OK"
22:29:55 INFO httpx - HTTP Request: GET https://ytlsqyzwoivtmvznojzb.supabase.co/rest/v1/price_history?select=date%2Copen%2Chigh%2Clow%2Cclose%2Cvolume&symbol=eq.BHARTIARTL&order=date.desc&limit=5 "HTTP/2 200 OK"
22:29:55 INFO httpx - HTTP Request: GET https://ytlsqyzwoivtmvznojzb.supabase.co/rest/v1/price_history?select=date%2Copen%2Chigh%2Clow%2Cclose%2Cvolume&symbol=eq.BHARTIARTL&order=date.desc&limit=25 "HTTP/2 200 OK"
22:29:55 INFO httpx - HTTP Request: GET https://ytlsqyzwoivtmvznojzb.supabase.co/rest/v1/options_snapshots?select=snapshot_date&symbol=eq.BHARTIARTL&order=snapshot_date.desc&limit=1 "HTTP/2 200 OK"
22:29:55 INFO httpx - HTTP Request: GET https://ytlsqyzwoivtmvznojzb.supabase.co/rest/v1/options_snapshots?select=%2A&symbol=eq.BHARTIARTL&snapshot_date=eq.2026-05-27&expiry_date=eq.2026-06-30&order=strike.asc "HTTP/2 200 OK"
22:29:55 INFO httpx - HTTP Request: GET https://ytlsqyzwoivtmvznojzb.supabase.co/rest/v1/price_history?select=date%2Copen%2Chigh%2Clow%2Cclose%2Cvolume&symbol=eq.CIPLA&order=date.desc&limit=5 "HTTP/2 200 OK"
22:29:55 INFO httpx - HTTP Request: GET https://ytlsqyzwoivtmvznojzb.supabase.co/rest/v1/price_history?select=date%2Copen%2Chigh%2Clow%2Cclose%2Cvolume&symbol=eq.CIPLA&order=date.desc&limit=25 "HTTP/2 200 OK"
22:29:55 INFO httpx - HTTP Request: GET https://ytlsqyzwoivtmvznojzb.supabase.co/rest/v1/options_snapshots?select=snapshot_date&symbol=eq.CIPLA&order=snapshot_date.desc&limit=1 "HTTP/2 200 OK"
22:29:55 INFO httpx - HTTP Request: GET https://ytlsqyzwoivtmvznojzb.supabase.co/rest/v1/options_snapshots?select=%2A&symbol=eq.CIPLA&snapshot_date=eq.2026-05-27&expiry_date=eq.2026-06-30&order=strike.asc "HTTP/2 200 OK"
22:29:55 INFO httpx - HTTP Request: GET https://ytlsqyzwoivtmvznojzb.supabase.co/rest/v1/price_history?select=date%2Copen%2Chigh%2Clow%2Cclose%2Cvolume&symbol=eq.COALINDIA&order=date.desc&limit=5 "HTTP/2 200 OK"
22:29:56 INFO httpx - HTTP Request: GET https://ytlsqyzwoivtmvznojzb.supabase.co/rest/v1/price_history?select=date%2Copen%2Chigh%2Clow%2Cclose%2Cvolume&symbol=eq.COALINDIA&order=date.desc&limit=25 "HTTP/2 200 OK"
22:29:56 INFO httpx - HTTP Request: GET https://ytlsqyzwoivtmvznojzb.supabase.co/rest/v1/options_snapshots?select=snapshot_date&symbol=eq.COALINDIA&order=snapshot_date.desc&limit=1 "HTTP/2 200 OK"
22:29:56 INFO httpx - HTTP Request: GET https://ytlsqyzwoivtmvznojzb.supabase.co/rest/v1/options_snapshots?select=%2A&symbol=eq.COALINDIA&snapshot_date=eq.2026-05-27&expiry_date=eq.2026-06-30&order=strike.asc "HTTP/2 200 OK"
22:29:56 INFO httpx - HTTP Request: GET https://ytlsqyzwoivtmvznojzb.supabase.co/rest/v1/price_history?select=date%2Copen%2Chigh%2Clow%2Cclose%2Cvolume&symbol=eq.DRREDDY&order=date.desc&limit=5 "HTTP/2 200 OK"
22:29:56 INFO httpx - HTTP Request: GET https://ytlsqyzwoivtmvznojzb.supabase.co/rest/v1/price_history?select=date%2Copen%2Chigh%2Clow%2Cclose%2Cvolume&symbol=eq.DRREDDY&order=date.desc&limit=25 "HTTP/2 200 OK"
22:29:56 INFO httpx - HTTP Request: GET https://ytlsqyzwoivtmvznojzb.supabase.co/rest/v1/options_snapshots?select=snapshot_date&symbol=eq.DRREDDY&order=snapshot_date.desc&limit=1 "HTTP/2 200 OK"
22:29:56 INFO httpx - HTTP Request: GET https://ytlsqyzwoivtmvznojzb.supabase.co/rest/v1/options_snapshots?select=%2A&symbol=eq.DRREDDY&snapshot_date=eq.2026-05-27&expiry_date=eq.2026-06-30&order=strike.asc "HTTP/2 200 OK"
22:29:56 INFO httpx - HTTP Request: GET https://ytlsqyzwoivtmvznojzb.supabase.co/rest/v1/price_history?select=date%2Copen%2Chigh%2Clow%2Cclose%2Cvolume&symbol=eq.EICHERMOT&order=date.desc&limit=5 "HTTP/2 200 OK"
22:29:56 INFO httpx - HTTP Request: GET https://ytlsqyzwoivtmvznojzb.supabase.co/rest/v1/price_history?select=date%2Copen%2Chigh%2Clow%2Cclose%2Cvolume&symbol=eq.EICHERMOT&order=date.desc&limit=25 "HTTP/2 200 OK"
22:29:56 INFO httpx - HTTP Request: GET https://ytlsqyzwoivtmvznojzb.supabase.co/rest/v1/options_snapshots?select=snapshot_date&symbol=eq.EICHERMOT&order=snapshot_date.desc&limit=1 "HTTP/2 200 OK"
22:29:56 INFO httpx - HTTP Request: GET https://ytlsqyzwoivtmvznojzb.supabase.co/rest/v1/options_snapshots?select=%2A&symbol=eq.EICHERMOT&snapshot_date=eq.2026-05-27&expiry_date=eq.2026-06-30&order=strike.asc "HTTP/2 200 OK"
22:29:56 INFO httpx - HTTP Request: GET https://ytlsqyzwoivtmvznojzb.supabase.co/rest/v1/price_history?select=date%2Copen%2Chigh%2Clow%2Cclose%2Cvolume&symbol=eq.ETERNAL&order=date.desc&limit=5 "HTTP/2 200 OK"
22:29:56 INFO httpx - HTTP Request: GET https://ytlsqyzwoivtmvznojzb.supabase.co/rest/v1/price_history?select=date%2Copen%2Chigh%2Clow%2Cclose%2Cvolume&symbol=eq.ETERNAL&order=date.desc&limit=25 "HTTP/2 200 OK"
22:29:56 INFO httpx - HTTP Request: GET https://ytlsqyzwoivtmvznojzb.supabase.co/rest/v1/options_snapshots?select=snapshot_date&symbol=eq.ETERNAL&order=snapshot_date.desc&limit=1 "HTTP/2 200 OK"
22:29:56 INFO httpx - HTTP Request: GET https://ytlsqyzwoivtmvznojzb.supabase.co/rest/v1/options_snapshots?select=%2A&symbol=eq.ETERNAL&snapshot_date=eq.2026-05-27&expiry_date=eq.2026-06-30&order=strike.asc "HTTP/2 200 OK"
22:29:56 INFO httpx - HTTP Request: GET https://ytlsqyzwoivtmvznojzb.supabase.co/rest/v1/price_history?select=date%2Copen%2Chigh%2Clow%2Cclose%2Cvolume&symbol=eq.GRASIM&order=date.desc&limit=5 "HTTP/2 200 OK"
22:29:56 INFO httpx - HTTP Request: GET https://ytlsqyzwoivtmvznojzb.supabase.co/rest/v1/price_history?select=date%2Copen%2Chigh%2Clow%2Cclose%2Cvolume&symbol=eq.GRASIM&order=date.desc&limit=25 "HTTP/2 200 OK"
22:29:56 INFO httpx - HTTP Request: GET https://ytlsqyzwoivtmvznojzb.supabase.co/rest/v1/options_snapshots?select=snapshot_date&symbol=eq.GRASIM&order=snapshot_date.desc&limit=1 "HTTP/2 200 OK"
22:29:57 INFO httpx - HTTP Request: GET https://ytlsqyzwoivtmvznojzb.supabase.co/rest/v1/options_snapshots?select=%2A&symbol=eq.GRASIM&snapshot_date=eq.2026-05-27&expiry_date=eq.2026-06-30&order=strike.asc "HTTP/2 200 OK"
22:29:57 INFO httpx - HTTP Request: GET https://ytlsqyzwoivtmvznojzb.supabase.co/rest/v1/price_history?select=date%2Copen%2Chigh%2Clow%2Cclose%2Cvolume&symbol=eq.HCLTECH&order=date.desc&limit=5 "HTTP/2 200 OK"
22:29:57 INFO httpx - HTTP Request: GET https://ytlsqyzwoivtmvznojzb.supabase.co/rest/v1/price_history?select=date%2Copen%2Chigh%2Clow%2Cclose%2Cvolume&symbol=eq.HCLTECH&order=date.desc&limit=25 "HTTP/2 200 OK"
22:29:57 INFO httpx - HTTP Request: GET https://ytlsqyzwoivtmvznojzb.supabase.co/rest/v1/options_snapshots?select=snapshot_date&symbol=eq.HCLTECH&order=snapshot_date.desc&limit=1 "HTTP/2 200 OK"
22:29:57 INFO httpx - HTTP Request: GET https://ytlsqyzwoivtmvznojzb.supabase.co/rest/v1/options_snapshots?select=%2A&symbol=eq.HCLTECH&snapshot_date=eq.2026-05-27&expiry_date=eq.2026-06-30&order=strike.asc "HTTP/2 200 OK"
22:29:57 INFO httpx - HTTP Request: GET https://ytlsqyzwoivtmvznojzb.supabase.co/rest/v1/price_history?select=date%2Copen%2Chigh%2Clow%2Cclose%2Cvolume&symbol=eq.HDFCBANK&order=date.desc&limit=5 "HTTP/2 200 OK"
22:29:57 INFO httpx - HTTP Request: GET https://ytlsqyzwoivtmvznojzb.supabase.co/rest/v1/price_history?select=date%2Copen%2Chigh%2Clow%2Cclose%2Cvolume&symbol=eq.HDFCBANK&order=date.desc&limit=25 "HTTP/2 200 OK"
22:29:57 INFO httpx - HTTP Request: GET https://ytlsqyzwoivtmvznojzb.supabase.co/rest/v1/options_snapshots?select=snapshot_date&symbol=eq.HDFCBANK&order=snapshot_date.desc&limit=1 "HTTP/2 200 OK"
22:29:57 INFO httpx - HTTP Request: GET https://ytlsqyzwoivtmvznojzb.supabase.co/rest/v1/options_snapshots?select=%2A&symbol=eq.HDFCBANK&snapshot_date=eq.2026-05-27&expiry_date=eq.2026-06-30&order=strike.asc "HTTP/2 200 OK"
22:29:57 INFO httpx - HTTP Request: GET https://ytlsqyzwoivtmvznojzb.supabase.co/rest/v1/price_history?select=date%2Copen%2Chigh%2Clow%2Cclose%2Cvolume&symbol=eq.HDFCLIFE&order=date.desc&limit=5 "HTTP/2 200 OK"
22:29:57 INFO httpx - HTTP Request: GET https://ytlsqyzwoivtmvznojzb.supabase.co/rest/v1/price_history?select=date%2Copen%2Chigh%2Clow%2Cclose%2Cvolume&symbol=eq.HDFCLIFE&order=date.desc&limit=25 "HTTP/2 200 OK"
22:29:57 INFO httpx - HTTP Request: GET https://ytlsqyzwoivtmvznojzb.supabase.co/rest/v1/options_snapshots?select=snapshot_date&symbol=eq.HDFCLIFE&order=snapshot_date.desc&limit=1 "HTTP/2 200 OK"
22:29:57 INFO httpx - HTTP Request: GET https://ytlsqyzwoivtmvznojzb.supabase.co/rest/v1/options_snapshots?select=%2A&symbol=eq.HDFCLIFE&snapshot_date=eq.2026-05-27&expiry_date=eq.2026-06-30&order=strike.asc "HTTP/2 200 OK"
22:29:57 INFO httpx - HTTP Request: GET https://ytlsqyzwoivtmvznojzb.supabase.co/rest/v1/price_history?select=date%2Copen%2Chigh%2Clow%2Cclose%2Cvolume&symbol=eq.HINDALCO&order=date.desc&limit=5 "HTTP/2 200 OK"
22:29:57 INFO httpx - HTTP Request: GET https://ytlsqyzwoivtmvznojzb.supabase.co/rest/v1/price_history?select=date%2Copen%2Chigh%2Clow%2Cclose%2Cvolume&symbol=eq.HINDALCO&order=date.desc&limit=25 "HTTP/2 200 OK"
22:29:57 INFO httpx - HTTP Request: GET https://ytlsqyzwoivtmvznojzb.supabase.co/rest/v1/options_snapshots?select=snapshot_date&symbol=eq.HINDALCO&order=snapshot_date.desc&limit=1 "HTTP/2 200 OK"
22:29:57 INFO httpx - HTTP Request: GET https://ytlsqyzwoivtmvznojzb.supabase.co/rest/v1/options_snapshots?select=%2A&symbol=eq.HINDALCO&snapshot_date=eq.2026-05-27&expiry_date=eq.2026-06-30&order=strike.asc "HTTP/2 200 OK"
22:29:58 INFO httpx - HTTP Request: GET https://ytlsqyzwoivtmvznojzb.supabase.co/rest/v1/price_history?select=date%2Copen%2Chigh%2Clow%2Cclose%2Cvolume&symbol=eq.HINDUNILVR&order=date.desc&limit=5 "HTTP/2 200 OK"
22:29:58 INFO httpx - HTTP Request: GET https://ytlsqyzwoivtmvznojzb.supabase.co/rest/v1/price_history?select=date%2Copen%2Chigh%2Clow%2Cclose%2Cvolume&symbol=eq.HINDUNILVR&order=date.desc&limit=25 "HTTP/2 200 OK"
22:29:58 INFO httpx - HTTP Request: GET https://ytlsqyzwoivtmvznojzb.supabase.co/rest/v1/options_snapshots?select=snapshot_date&symbol=eq.HINDUNILVR&order=snapshot_date.desc&limit=1 "HTTP/2 200 OK"
22:29:58 INFO httpx - HTTP Request: GET https://ytlsqyzwoivtmvznojzb.supabase.co/rest/v1/options_snapshots?select=%2A&symbol=eq.HINDUNILVR&snapshot_date=eq.2026-05-27&expiry_date=eq.2026-06-30&order=strike.asc "HTTP/2 200 OK"
22:29:58 INFO httpx - HTTP Request: GET https://ytlsqyzwoivtmvznojzb.supabase.co/rest/v1/price_history?select=date%2Copen%2Chigh%2Clow%2Cclose%2Cvolume&symbol=eq.ICICIBANK&order=date.desc&limit=5 "HTTP/2 200 OK"
22:29:58 INFO httpx - HTTP Request: GET https://ytlsqyzwoivtmvznojzb.supabase.co/rest/v1/price_history?select=date%2Copen%2Chigh%2Clow%2Cclose%2Cvolume&symbol=eq.ICICIBANK&order=date.desc&limit=25 "HTTP/2 200 OK"
22:29:58 INFO httpx - HTTP Request: GET https://ytlsqyzwoivtmvznojzb.supabase.co/rest/v1/options_snapshots?select=snapshot_date&symbol=eq.ICICIBANK&order=snapshot_date.desc&limit=1 "HTTP/2 200 OK"
22:29:58 INFO httpx - HTTP Request: GET https://ytlsqyzwoivtmvznojzb.supabase.co/rest/v1/options_snapshots?select=%2A&symbol=eq.ICICIBANK&snapshot_date=eq.2026-05-27&expiry_date=eq.2026-06-30&order=strike.asc "HTTP/2 200 OK"
22:29:58 INFO httpx - HTTP Request: GET https://ytlsqyzwoivtmvznojzb.supabase.co/rest/v1/price_history?select=date%2Copen%2Chigh%2Clow%2Cclose%2Cvolume&symbol=eq.INDIGO&order=date.desc&limit=5 "HTTP/2 200 OK"
22:29:58 INFO pipeline.level1_filter - ELIMINATED INDIGO — EARNINGS (Financial Results:2026-05-29)
22:29:58 INFO httpx - HTTP Request: GET https://ytlsqyzwoivtmvznojzb.supabase.co/rest/v1/price_history?select=date%2Copen%2Chigh%2Clow%2Cclose%2Cvolume&symbol=eq.INFY&order=date.desc&limit=5 "HTTP/2 200 OK"
22:29:58 INFO httpx - HTTP Request: GET https://ytlsqyzwoivtmvznojzb.supabase.co/rest/v1/price_history?select=date%2Copen%2Chigh%2Clow%2Cclose%2Cvolume&symbol=eq.INFY&order=date.desc&limit=25 "HTTP/2 200 OK"
22:29:58 INFO httpx - HTTP Request: GET https://ytlsqyzwoivtmvznojzb.supabase.co/rest/v1/options_snapshots?select=snapshot_date&symbol=eq.INFY&order=snapshot_date.desc&limit=1 "HTTP/2 200 OK"
22:29:58 INFO httpx - HTTP Request: GET https://ytlsqyzwoivtmvznojzb.supabase.co/rest/v1/options_snapshots?select=%2A&symbol=eq.INFY&snapshot_date=eq.2026-05-27&expiry_date=eq.2026-06-30&order=strike.asc "HTTP/2 200 OK"
22:29:58 INFO httpx - HTTP Request: GET https://ytlsqyzwoivtmvznojzb.supabase.co/rest/v1/price_history?select=date%2Copen%2Chigh%2Clow%2Cclose%2Cvolume&symbol=eq.ITC&order=date.desc&limit=5 "HTTP/2 200 OK"
22:29:58 INFO httpx - HTTP Request: GET https://ytlsqyzwoivtmvznojzb.supabase.co/rest/v1/price_history?select=date%2Copen%2Chigh%2Clow%2Cclose%2Cvolume&symbol=eq.ITC&order=date.desc&limit=25 "HTTP/2 200 OK"
22:29:58 INFO httpx - HTTP Request: GET https://ytlsqyzwoivtmvznojzb.supabase.co/rest/v1/options_snapshots?select=snapshot_date&symbol=eq.ITC&order=snapshot_date.desc&limit=1 "HTTP/2 200 OK"
22:29:58 INFO httpx - HTTP Request: GET https://ytlsqyzwoivtmvznojzb.supabase.co/rest/v1/options_snapshots?select=%2A&symbol=eq.ITC&snapshot_date=eq.2026-05-27&expiry_date=eq.2026-06-30&order=strike.asc "HTTP/2 200 OK"
22:29:58 INFO httpx - HTTP Request: GET https://ytlsqyzwoivtmvznojzb.supabase.co/rest/v1/price_history?select=date%2Copen%2Chigh%2Clow%2Cclose%2Cvolume&symbol=eq.JIOFIN&order=date.desc&limit=5 "HTTP/2 200 OK"
22:29:58 INFO httpx - HTTP Request: GET https://ytlsqyzwoivtmvznojzb.supabase.co/rest/v1/price_history?select=date%2Copen%2Chigh%2Clow%2Cclose%2Cvolume&symbol=eq.JIOFIN&order=date.desc&limit=25 "HTTP/2 200 OK"
22:29:59 INFO httpx - HTTP Request: GET https://ytlsqyzwoivtmvznojzb.supabase.co/rest/v1/options_snapshots?select=snapshot_date&symbol=eq.JIOFIN&order=snapshot_date.desc&limit=1 "HTTP/2 200 OK"
22:29:59 INFO httpx - HTTP Request: GET https://ytlsqyzwoivtmvznojzb.supabase.co/rest/v1/options_snapshots?select=%2A&symbol=eq.JIOFIN&snapshot_date=eq.2026-05-27&expiry_date=eq.2026-06-30&order=strike.asc "HTTP/2 200 OK"
22:29:59 INFO httpx - HTTP Request: GET https://ytlsqyzwoivtmvznojzb.supabase.co/rest/v1/price_history?select=date%2Copen%2Chigh%2Clow%2Cclose%2Cvolume&symbol=eq.JSWSTEEL&order=date.desc&limit=5 "HTTP/2 200 OK"
22:29:59 INFO httpx - HTTP Request: GET https://ytlsqyzwoivtmvznojzb.supabase.co/rest/v1/price_history?select=date%2Copen%2Chigh%2Clow%2Cclose%2Cvolume&symbol=eq.JSWSTEEL&order=date.desc&limit=25 "HTTP/2 200 OK"
22:29:59 INFO httpx - HTTP Request: GET https://ytlsqyzwoivtmvznojzb.supabase.co/rest/v1/options_snapshots?select=snapshot_date&symbol=eq.JSWSTEEL&order=snapshot_date.desc&limit=1 "HTTP/2 200 OK"
22:29:59 INFO httpx - HTTP Request: GET https://ytlsqyzwoivtmvznojzb.supabase.co/rest/v1/options_snapshots?select=%2A&symbol=eq.JSWSTEEL&snapshot_date=eq.2026-05-27&expiry_date=eq.2026-06-30&order=strike.asc "HTTP/2 200 OK"
22:29:59 INFO httpx - HTTP Request: GET https://ytlsqyzwoivtmvznojzb.supabase.co/rest/v1/price_history?select=date%2Copen%2Chigh%2Clow%2Cclose%2Cvolume&symbol=eq.KOTAKBANK&order=date.desc&limit=5 "HTTP/2 200 OK"
22:29:59 INFO httpx - HTTP Request: GET https://ytlsqyzwoivtmvznojzb.supabase.co/rest/v1/price_history?select=date%2Copen%2Chigh%2Clow%2Cclose%2Cvolume&symbol=eq.KOTAKBANK&order=date.desc&limit=25 "HTTP/2 200 OK"
22:29:59 INFO httpx - HTTP Request: GET https://ytlsqyzwoivtmvznojzb.supabase.co/rest/v1/options_snapshots?select=snapshot_date&symbol=eq.KOTAKBANK&order=snapshot_date.desc&limit=1 "HTTP/2 200 OK"
22:29:59 INFO httpx - HTTP Request: GET https://ytlsqyzwoivtmvznojzb.supabase.co/rest/v1/options_snapshots?select=%2A&symbol=eq.KOTAKBANK&snapshot_date=eq.2026-05-27&expiry_date=eq.2026-06-30&order=strike.asc "HTTP/2 200 OK"
22:29:59 INFO httpx - HTTP Request: GET https://ytlsqyzwoivtmvznojzb.supabase.co/rest/v1/price_history?select=date%2Copen%2Chigh%2Clow%2Cclose%2Cvolume&symbol=eq.LT&order=date.desc&limit=5 "HTTP/2 200 OK"
22:29:59 INFO httpx - HTTP Request: GET https://ytlsqyzwoivtmvznojzb.supabase.co/rest/v1/price_history?select=date%2Copen%2Chigh%2Clow%2Cclose%2Cvolume&symbol=eq.LT&order=date.desc&limit=25 "HTTP/2 200 OK"
22:29:59 INFO httpx - HTTP Request: GET https://ytlsqyzwoivtmvznojzb.supabase.co/rest/v1/options_snapshots?select=snapshot_date&symbol=eq.LT&order=snapshot_date.desc&limit=1 "HTTP/2 200 OK"
22:29:59 INFO httpx - HTTP Request: GET https://ytlsqyzwoivtmvznojzb.supabase.co/rest/v1/options_snapshots?select=%2A&symbol=eq.LT&snapshot_date=eq.2026-05-27&expiry_date=eq.2026-06-30&order=strike.asc "HTTP/2 200 OK"
22:29:59 INFO httpx - HTTP Request: GET https://ytlsqyzwoivtmvznojzb.supabase.co/rest/v1/price_history?select=date%2Copen%2Chigh%2Clow%2Cclose%2Cvolume&symbol=eq.M%26M&order=date.desc&limit=5 "HTTP/2 200 OK"
22:29:59 INFO httpx - HTTP Request: GET https://ytlsqyzwoivtmvznojzb.supabase.co/rest/v1/price_history?select=date%2Copen%2Chigh%2Clow%2Cclose%2Cvolume&symbol=eq.M%26M&order=date.desc&limit=25 "HTTP/2 200 OK"
22:29:59 INFO httpx - HTTP Request: GET https://ytlsqyzwoivtmvznojzb.supabase.co/rest/v1/options_snapshots?select=snapshot_date&symbol=eq.M%26M&order=snapshot_date.desc&limit=1 "HTTP/2 200 OK"
22:29:59 INFO httpx - HTTP Request: GET https://ytlsqyzwoivtmvznojzb.supabase.co/rest/v1/options_snapshots?select=%2A&symbol=eq.M%26M&snapshot_date=eq.2026-05-27&expiry_date=eq.2026-06-30&order=strike.asc "HTTP/2 200 OK"
22:29:59 INFO httpx - HTTP Request: GET https://ytlsqyzwoivtmvznojzb.supabase.co/rest/v1/price_history?select=date%2Copen%2Chigh%2Clow%2Cclose%2Cvolume&symbol=eq.MARUTI&order=date.desc&limit=5 "HTTP/2 200 OK"
22:30:00 INFO httpx - HTTP Request: GET https://ytlsqyzwoivtmvznojzb.supabase.co/rest/v1/price_history?select=date%2Copen%2Chigh%2Clow%2Cclose%2Cvolume&symbol=eq.MARUTI&order=date.desc&limit=25 "HTTP/2 200 OK"
22:30:00 INFO httpx - HTTP Request: GET https://ytlsqyzwoivtmvznojzb.supabase.co/rest/v1/options_snapshots?select=snapshot_date&symbol=eq.MARUTI&order=snapshot_date.desc&limit=1 "HTTP/2 200 OK"
22:30:00 INFO httpx - HTTP Request: GET https://ytlsqyzwoivtmvznojzb.supabase.co/rest/v1/options_snapshots?select=%2A&symbol=eq.MARUTI&snapshot_date=eq.2026-05-27&expiry_date=eq.2026-06-30&order=strike.asc "HTTP/2 200 OK"
22:30:00 INFO httpx - HTTP Request: GET https://ytlsqyzwoivtmvznojzb.supabase.co/rest/v1/price_history?select=date%2Copen%2Chigh%2Clow%2Cclose%2Cvolume&symbol=eq.MAXHEALTH&order=date.desc&limit=5 "HTTP/2 200 OK"
22:30:00 INFO httpx - HTTP Request: GET https://ytlsqyzwoivtmvznojzb.supabase.co/rest/v1/price_history?select=date%2Copen%2Chigh%2Clow%2Cclose%2Cvolume&symbol=eq.MAXHEALTH&order=date.desc&limit=25 "HTTP/2 200 OK"
22:30:00 INFO httpx - HTTP Request: GET https://ytlsqyzwoivtmvznojzb.supabase.co/rest/v1/options_snapshots?select=snapshot_date&symbol=eq.MAXHEALTH&order=snapshot_date.desc&limit=1 "HTTP/2 200 OK"
22:30:00 INFO httpx - HTTP Request: GET https://ytlsqyzwoivtmvznojzb.supabase.co/rest/v1/options_snapshots?select=%2A&symbol=eq.MAXHEALTH&snapshot_date=eq.2026-05-27&expiry_date=eq.2026-06-30&order=strike.asc "HTTP/2 200 OK"
22:30:00 INFO httpx - HTTP Request: GET https://ytlsqyzwoivtmvznojzb.supabase.co/rest/v1/price_history?select=date%2Copen%2Chigh%2Clow%2Cclose%2Cvolume&symbol=eq.NESTLEIND&order=date.desc&limit=5 "HTTP/2 200 OK"
22:30:00 INFO httpx - HTTP Request: GET https://ytlsqyzwoivtmvznojzb.supabase.co/rest/v1/price_history?select=date%2Copen%2Chigh%2Clow%2Cclose%2Cvolume&symbol=eq.NESTLEIND&order=date.desc&limit=25 "HTTP/2 200 OK"
22:30:00 INFO httpx - HTTP Request: GET https://ytlsqyzwoivtmvznojzb.supabase.co/rest/v1/options_snapshots?select=snapshot_date&symbol=eq.NESTLEIND&order=snapshot_date.desc&limit=1 "HTTP/2 200 OK"
22:30:00 INFO httpx - HTTP Request: GET https://ytlsqyzwoivtmvznojzb.supabase.co/rest/v1/options_snapshots?select=%2A&symbol=eq.NESTLEIND&snapshot_date=eq.2026-05-27&expiry_date=eq.2026-06-30&order=strike.asc "HTTP/2 200 OK"
22:30:00 INFO httpx - HTTP Request: GET https://ytlsqyzwoivtmvznojzb.supabase.co/rest/v1/price_history?select=date%2Copen%2Chigh%2Clow%2Cclose%2Cvolume&symbol=eq.NTPC&order=date.desc&limit=5 "HTTP/2 200 OK"
22:30:00 INFO httpx - HTTP Request: GET https://ytlsqyzwoivtmvznojzb.supabase.co/rest/v1/price_history?select=date%2Copen%2Chigh%2Clow%2Cclose%2Cvolume&symbol=eq.NTPC&order=date.desc&limit=25 "HTTP/2 200 OK"
22:30:00 INFO httpx - HTTP Request: GET https://ytlsqyzwoivtmvznojzb.supabase.co/rest/v1/options_snapshots?select=snapshot_date&symbol=eq.NTPC&order=snapshot_date.desc&limit=1 "HTTP/2 200 OK"
22:30:00 INFO httpx - HTTP Request: GET https://ytlsqyzwoivtmvznojzb.supabase.co/rest/v1/options_snapshots?select=%2A&symbol=eq.NTPC&snapshot_date=eq.2026-05-27&expiry_date=eq.2026-06-30&order=strike.asc "HTTP/2 200 OK"
22:30:00 INFO httpx - HTTP Request: GET https://ytlsqyzwoivtmvznojzb.supabase.co/rest/v1/price_history?select=date%2Copen%2Chigh%2Clow%2Cclose%2Cvolume&symbol=eq.ONGC&order=date.desc&limit=5 "HTTP/2 200 OK"
22:30:00 INFO httpx - HTTP Request: GET https://ytlsqyzwoivtmvznojzb.supabase.co/rest/v1/price_history?select=date%2Copen%2Chigh%2Clow%2Cclose%2Cvolume&symbol=eq.ONGC&order=date.desc&limit=25 "HTTP/2 200 OK"
22:30:00 INFO httpx - HTTP Request: GET https://ytlsqyzwoivtmvznojzb.supabase.co/rest/v1/options_snapshots?select=snapshot_date&symbol=eq.ONGC&order=snapshot_date.desc&limit=1 "HTTP/2 200 OK"
22:30:00 INFO httpx - HTTP Request: GET https://ytlsqyzwoivtmvznojzb.supabase.co/rest/v1/options_snapshots?select=%2A&symbol=eq.ONGC&snapshot_date=eq.2026-05-27&expiry_date=eq.2026-06-30&order=strike.asc "HTTP/2 200 OK"
22:30:01 INFO httpx - HTTP Request: GET https://ytlsqyzwoivtmvznojzb.supabase.co/rest/v1/price_history?select=date%2Copen%2Chigh%2Clow%2Cclose%2Cvolume&symbol=eq.POWERGRID&order=date.desc&limit=5 "HTTP/2 200 OK"
22:30:01 INFO httpx - HTTP Request: GET https://ytlsqyzwoivtmvznojzb.supabase.co/rest/v1/price_history?select=date%2Copen%2Chigh%2Clow%2Cclose%2Cvolume&symbol=eq.POWERGRID&order=date.desc&limit=25 "HTTP/2 200 OK"
22:30:01 INFO httpx - HTTP Request: GET https://ytlsqyzwoivtmvznojzb.supabase.co/rest/v1/options_snapshots?select=snapshot_date&symbol=eq.POWERGRID&order=snapshot_date.desc&limit=1 "HTTP/2 200 OK"
22:30:01 INFO httpx - HTTP Request: GET https://ytlsqyzwoivtmvznojzb.supabase.co/rest/v1/options_snapshots?select=%2A&symbol=eq.POWERGRID&snapshot_date=eq.2026-05-27&expiry_date=eq.2026-06-30&order=strike.asc "HTTP/2 200 OK"
22:30:01 INFO httpx - HTTP Request: GET https://ytlsqyzwoivtmvznojzb.supabase.co/rest/v1/price_history?select=date%2Copen%2Chigh%2Clow%2Cclose%2Cvolume&symbol=eq.RELIANCE&order=date.desc&limit=5 "HTTP/2 200 OK"
22:30:01 INFO httpx - HTTP Request: GET https://ytlsqyzwoivtmvznojzb.supabase.co/rest/v1/price_history?select=date%2Copen%2Chigh%2Clow%2Cclose%2Cvolume&symbol=eq.RELIANCE&order=date.desc&limit=25 "HTTP/2 200 OK"
22:30:01 INFO httpx - HTTP Request: GET https://ytlsqyzwoivtmvznojzb.supabase.co/rest/v1/options_snapshots?select=snapshot_date&symbol=eq.RELIANCE&order=snapshot_date.desc&limit=1 "HTTP/2 200 OK"
22:30:01 INFO httpx - HTTP Request: GET https://ytlsqyzwoivtmvznojzb.supabase.co/rest/v1/options_snapshots?select=%2A&symbol=eq.RELIANCE&snapshot_date=eq.2026-05-27&expiry_date=eq.2026-06-30&order=strike.asc "HTTP/2 200 OK"
22:30:01 INFO httpx - HTTP Request: GET https://ytlsqyzwoivtmvznojzb.supabase.co/rest/v1/price_history?select=date%2Copen%2Chigh%2Clow%2Cclose%2Cvolume&symbol=eq.SBILIFE&order=date.desc&limit=5 "HTTP/2 200 OK"
22:30:01 INFO httpx - HTTP Request: GET https://ytlsqyzwoivtmvznojzb.supabase.co/rest/v1/price_history?select=date%2Copen%2Chigh%2Clow%2Cclose%2Cvolume&symbol=eq.SBILIFE&order=date.desc&limit=25 "HTTP/2 200 OK"
22:30:01 INFO httpx - HTTP Request: GET https://ytlsqyzwoivtmvznojzb.supabase.co/rest/v1/options_snapshots?select=snapshot_date&symbol=eq.SBILIFE&order=snapshot_date.desc&limit=1 "HTTP/2 200 OK"
22:30:01 INFO httpx - HTTP Request: GET https://ytlsqyzwoivtmvznojzb.supabase.co/rest/v1/options_snapshots?select=%2A&symbol=eq.SBILIFE&snapshot_date=eq.2026-05-27&expiry_date=eq.2026-06-30&order=strike.asc "HTTP/2 200 OK"
22:30:01 INFO httpx - HTTP Request: GET https://ytlsqyzwoivtmvznojzb.supabase.co/rest/v1/price_history?select=date%2Copen%2Chigh%2Clow%2Cclose%2Cvolume&symbol=eq.SBIN&order=date.desc&limit=5 "HTTP/2 200 OK"
22:30:01 INFO httpx - HTTP Request: GET https://ytlsqyzwoivtmvznojzb.supabase.co/rest/v1/price_history?select=date%2Copen%2Chigh%2Clow%2Cclose%2Cvolume&symbol=eq.SBIN&order=date.desc&limit=25 "HTTP/2 200 OK"
22:30:01 INFO httpx - HTTP Request: GET https://ytlsqyzwoivtmvznojzb.supabase.co/rest/v1/options_snapshots?select=snapshot_date&symbol=eq.SBIN&order=snapshot_date.desc&limit=1 "HTTP/2 200 OK"
22:30:01 INFO httpx - HTTP Request: GET https://ytlsqyzwoivtmvznojzb.supabase.co/rest/v1/options_snapshots?select=%2A&symbol=eq.SBIN&snapshot_date=eq.2026-05-27&expiry_date=eq.2026-06-30&order=strike.asc "HTTP/2 200 OK"
22:30:01 INFO httpx - HTTP Request: GET https://ytlsqyzwoivtmvznojzb.supabase.co/rest/v1/price_history?select=date%2Copen%2Chigh%2Clow%2Cclose%2Cvolume&symbol=eq.SHRIRAMFIN&order=date.desc&limit=5 "HTTP/2 200 OK"
22:30:01 INFO httpx - HTTP Request: GET https://ytlsqyzwoivtmvznojzb.supabase.co/rest/v1/price_history?select=date%2Copen%2Chigh%2Clow%2Cclose%2Cvolume&symbol=eq.SHRIRAMFIN&order=date.desc&limit=25 "HTTP/2 200 OK"
22:30:01 INFO httpx - HTTP Request: GET https://ytlsqyzwoivtmvznojzb.supabase.co/rest/v1/options_snapshots?select=snapshot_date&symbol=eq.SHRIRAMFIN&order=snapshot_date.desc&limit=1 "HTTP/2 200 OK"
22:30:02 INFO httpx - HTTP Request: GET https://ytlsqyzwoivtmvznojzb.supabase.co/rest/v1/options_snapshots?select=%2A&symbol=eq.SHRIRAMFIN&snapshot_date=eq.2026-05-27&expiry_date=eq.2026-06-30&order=strike.asc "HTTP/2 200 OK"
22:30:02 INFO httpx - HTTP Request: GET https://ytlsqyzwoivtmvznojzb.supabase.co/rest/v1/price_history?select=date%2Copen%2Chigh%2Clow%2Cclose%2Cvolume&symbol=eq.SUNPHARMA&order=date.desc&limit=5 "HTTP/2 200 OK"
22:30:02 INFO httpx - HTTP Request: GET https://ytlsqyzwoivtmvznojzb.supabase.co/rest/v1/price_history?select=date%2Copen%2Chigh%2Clow%2Cclose%2Cvolume&symbol=eq.SUNPHARMA&order=date.desc&limit=25 "HTTP/2 200 OK"
22:30:02 INFO httpx - HTTP Request: GET https://ytlsqyzwoivtmvznojzb.supabase.co/rest/v1/options_snapshots?select=snapshot_date&symbol=eq.SUNPHARMA&order=snapshot_date.desc&limit=1 "HTTP/2 200 OK"
22:30:02 INFO httpx - HTTP Request: GET https://ytlsqyzwoivtmvznojzb.supabase.co/rest/v1/options_snapshots?select=%2A&symbol=eq.SUNPHARMA&snapshot_date=eq.2026-05-27&expiry_date=eq.2026-06-30&order=strike.asc "HTTP/2 200 OK"
22:30:02 INFO httpx - HTTP Request: GET https://ytlsqyzwoivtmvznojzb.supabase.co/rest/v1/price_history?select=date%2Copen%2Chigh%2Clow%2Cclose%2Cvolume&symbol=eq.TATACONSUM&order=date.desc&limit=5 "HTTP/2 200 OK"
22:30:02 INFO httpx - HTTP Request: GET https://ytlsqyzwoivtmvznojzb.supabase.co/rest/v1/price_history?select=date%2Copen%2Chigh%2Clow%2Cclose%2Cvolume&symbol=eq.TATACONSUM&order=date.desc&limit=25 "HTTP/2 200 OK"
22:30:02 INFO httpx - HTTP Request: GET https://ytlsqyzwoivtmvznojzb.supabase.co/rest/v1/options_snapshots?select=snapshot_date&symbol=eq.TATACONSUM&order=snapshot_date.desc&limit=1 "HTTP/2 200 OK"
22:30:02 INFO httpx - HTTP Request: GET https://ytlsqyzwoivtmvznojzb.supabase.co/rest/v1/options_snapshots?select=%2A&symbol=eq.TATACONSUM&snapshot_date=eq.2026-05-27&expiry_date=eq.2026-06-30&order=strike.asc "HTTP/2 200 OK"
22:30:02 INFO httpx - HTTP Request: GET https://ytlsqyzwoivtmvznojzb.supabase.co/rest/v1/price_history?select=date%2Copen%2Chigh%2Clow%2Cclose%2Cvolume&symbol=eq.TATASTEEL&order=date.desc&limit=5 "HTTP/2 200 OK"
22:30:02 INFO httpx - HTTP Request: GET https://ytlsqyzwoivtmvznojzb.supabase.co/rest/v1/price_history?select=date%2Copen%2Chigh%2Clow%2Cclose%2Cvolume&symbol=eq.TATASTEEL&order=date.desc&limit=25 "HTTP/2 200 OK"
22:30:02 INFO httpx - HTTP Request: GET https://ytlsqyzwoivtmvznojzb.supabase.co/rest/v1/options_snapshots?select=snapshot_date&symbol=eq.TATASTEEL&order=snapshot_date.desc&limit=1 "HTTP/2 200 OK"
22:30:02 INFO httpx - HTTP Request: GET https://ytlsqyzwoivtmvznojzb.supabase.co/rest/v1/options_snapshots?select=%2A&symbol=eq.TATASTEEL&snapshot_date=eq.2026-05-27&expiry_date=eq.2026-06-30&order=strike.asc "HTTP/2 200 OK"
22:30:02 INFO httpx - HTTP Request: GET https://ytlsqyzwoivtmvznojzb.supabase.co/rest/v1/price_history?select=date%2Copen%2Chigh%2Clow%2Cclose%2Cvolume&symbol=eq.TCS&order=date.desc&limit=5 "HTTP/2 200 OK"
22:30:02 INFO httpx - HTTP Request: GET https://ytlsqyzwoivtmvznojzb.supabase.co/rest/v1/price_history?select=date%2Copen%2Chigh%2Clow%2Cclose%2Cvolume&symbol=eq.TCS&order=date.desc&limit=25 "HTTP/2 200 OK"
22:30:02 INFO httpx - HTTP Request: GET https://ytlsqyzwoivtmvznojzb.supabase.co/rest/v1/options_snapshots?select=snapshot_date&symbol=eq.TCS&order=snapshot_date.desc&limit=1 "HTTP/2 200 OK"
22:30:02 INFO httpx - HTTP Request: GET https://ytlsqyzwoivtmvznojzb.supabase.co/rest/v1/options_snapshots?select=%2A&symbol=eq.TCS&snapshot_date=eq.2026-05-27&expiry_date=eq.2026-06-30&order=strike.asc "HTTP/2 200 OK"
22:30:02 INFO httpx - HTTP Request: GET https://ytlsqyzwoivtmvznojzb.supabase.co/rest/v1/price_history?select=date%2Copen%2Chigh%2Clow%2Cclose%2Cvolume&symbol=eq.TECHM&order=date.desc&limit=5 "HTTP/2 200 OK"
22:30:03 INFO httpx - HTTP Request: GET https://ytlsqyzwoivtmvznojzb.supabase.co/rest/v1/price_history?select=date%2Copen%2Chigh%2Clow%2Cclose%2Cvolume&symbol=eq.TECHM&order=date.desc&limit=25 "HTTP/2 200 OK"
22:30:03 INFO httpx - HTTP Request: GET https://ytlsqyzwoivtmvznojzb.supabase.co/rest/v1/options_snapshots?select=snapshot_date&symbol=eq.TECHM&order=snapshot_date.desc&limit=1 "HTTP/2 200 OK"
22:30:03 INFO httpx - HTTP Request: GET https://ytlsqyzwoivtmvznojzb.supabase.co/rest/v1/options_snapshots?select=%2A&symbol=eq.TECHM&snapshot_date=eq.2026-05-27&expiry_date=eq.2026-06-30&order=strike.asc "HTTP/2 200 OK"
22:30:03 INFO httpx - HTTP Request: GET https://ytlsqyzwoivtmvznojzb.supabase.co/rest/v1/price_history?select=date%2Copen%2Chigh%2Clow%2Cclose%2Cvolume&symbol=eq.TITAN&order=date.desc&limit=5 "HTTP/2 200 OK"
22:30:03 INFO httpx - HTTP Request: GET https://ytlsqyzwoivtmvznojzb.supabase.co/rest/v1/price_history?select=date%2Copen%2Chigh%2Clow%2Cclose%2Cvolume&symbol=eq.TITAN&order=date.desc&limit=25 "HTTP/2 200 OK"
22:30:03 INFO httpx - HTTP Request: GET https://ytlsqyzwoivtmvznojzb.supabase.co/rest/v1/options_snapshots?select=snapshot_date&symbol=eq.TITAN&order=snapshot_date.desc&limit=1 "HTTP/2 200 OK"
22:30:03 INFO httpx - HTTP Request: GET https://ytlsqyzwoivtmvznojzb.supabase.co/rest/v1/options_snapshots?select=%2A&symbol=eq.TITAN&snapshot_date=eq.2026-05-27&expiry_date=eq.2026-06-30&order=strike.asc "HTTP/2 200 OK"
22:30:03 INFO httpx - HTTP Request: GET https://ytlsqyzwoivtmvznojzb.supabase.co/rest/v1/price_history?select=date%2Copen%2Chigh%2Clow%2Cclose%2Cvolume&symbol=eq.TMPV&order=date.desc&limit=5 "HTTP/2 200 OK"
22:30:03 INFO httpx - HTTP Request: GET https://ytlsqyzwoivtmvznojzb.supabase.co/rest/v1/price_history?select=date%2Copen%2Chigh%2Clow%2Cclose%2Cvolume&symbol=eq.TMPV&order=date.desc&limit=25 "HTTP/2 200 OK"
22:30:03 INFO httpx - HTTP Request: GET https://ytlsqyzwoivtmvznojzb.supabase.co/rest/v1/options_snapshots?select=snapshot_date&symbol=eq.TMPV&order=snapshot_date.desc&limit=1 "HTTP/2 200 OK"
22:30:03 INFO httpx - HTTP Request: GET https://ytlsqyzwoivtmvznojzb.supabase.co/rest/v1/options_snapshots?select=%2A&symbol=eq.TMPV&snapshot_date=eq.2026-05-27&expiry_date=eq.2026-06-30&order=strike.asc "HTTP/2 200 OK"
22:30:03 INFO httpx - HTTP Request: GET https://ytlsqyzwoivtmvznojzb.supabase.co/rest/v1/price_history?select=date%2Copen%2Chigh%2Clow%2Cclose%2Cvolume&symbol=eq.TRENT&order=date.desc&limit=5 "HTTP/2 200 OK"
22:30:03 INFO httpx - HTTP Request: GET https://ytlsqyzwoivtmvznojzb.supabase.co/rest/v1/price_history?select=date%2Copen%2Chigh%2Clow%2Cclose%2Cvolume&symbol=eq.TRENT&order=date.desc&limit=25 "HTTP/2 200 OK"
22:30:03 INFO httpx - HTTP Request: GET https://ytlsqyzwoivtmvznojzb.supabase.co/rest/v1/options_snapshots?select=snapshot_date&symbol=eq.TRENT&order=snapshot_date.desc&limit=1 "HTTP/2 200 OK"
22:30:03 INFO httpx - HTTP Request: GET https://ytlsqyzwoivtmvznojzb.supabase.co/rest/v1/options_snapshots?select=%2A&symbol=eq.TRENT&snapshot_date=eq.2026-05-27&expiry_date=eq.2026-06-30&order=strike.asc "HTTP/2 200 OK"
22:30:03 INFO httpx - HTTP Request: GET https://ytlsqyzwoivtmvznojzb.supabase.co/rest/v1/price_history?select=date%2Copen%2Chigh%2Clow%2Cclose%2Cvolume&symbol=eq.ULTRACEMCO&order=date.desc&limit=5 "HTTP/2 200 OK"
22:30:03 INFO httpx - HTTP Request: GET https://ytlsqyzwoivtmvznojzb.supabase.co/rest/v1/price_history?select=date%2Copen%2Chigh%2Clow%2Cclose%2Cvolume&symbol=eq.ULTRACEMCO&order=date.desc&limit=25 "HTTP/2 200 OK"
22:30:03 INFO httpx - HTTP Request: GET https://ytlsqyzwoivtmvznojzb.supabase.co/rest/v1/options_snapshots?select=snapshot_date&symbol=eq.ULTRACEMCO&order=snapshot_date.desc&limit=1 "HTTP/2 200 OK"
22:30:03 INFO httpx - HTTP Request: GET https://ytlsqyzwoivtmvznojzb.supabase.co/rest/v1/options_snapshots?select=%2A&symbol=eq.ULTRACEMCO&snapshot_date=eq.2026-05-27&expiry_date=eq.2026-06-30&order=strike.asc "HTTP/2 200 OK"
22:30:04 INFO httpx - HTTP Request: GET https://ytlsqyzwoivtmvznojzb.supabase.co/rest/v1/price_history?select=date%2Copen%2Chigh%2Clow%2Cclose%2Cvolume&symbol=eq.WIPRO&order=date.desc&limit=5 "HTTP/2 200 OK"
22:30:04 INFO httpx - HTTP Request: GET https://ytlsqyzwoivtmvznojzb.supabase.co/rest/v1/price_history?select=date%2Copen%2Chigh%2Clow%2Cclose%2Cvolume&symbol=eq.WIPRO&order=date.desc&limit=25 "HTTP/2 200 OK"
22:30:04 INFO httpx - HTTP Request: GET https://ytlsqyzwoivtmvznojzb.supabase.co/rest/v1/options_snapshots?select=snapshot_date&symbol=eq.WIPRO&order=snapshot_date.desc&limit=1 "HTTP/2 200 OK"
22:30:04 INFO httpx - HTTP Request: GET https://ytlsqyzwoivtmvznojzb.supabase.co/rest/v1/options_snapshots?select=%2A&symbol=eq.WIPRO&snapshot_date=eq.2026-05-27&expiry_date=eq.2026-06-30&order=strike.asc "HTTP/2 200 OK"
22:30:04 INFO pipeline.level1_filter - Level 1 complete: 48 passed, 2 eliminated, 0 errors
22:30:04 INFO pipeline.orchestrator - Level 1: passed=48 eliminated=2 errors=0
22:30:04 INFO httpx - HTTP Request: PATCH https://ytlsqyzwoivtmvznojzb.supabase.co/rest/v1/analysis_sessions?session_id=eq.SESSION_20260527 "HTTP/2 200 OK"
22:30:04 INFO pipeline.orchestrator - Stage 4: Building context bundle...
22:30:04 INFO httpx - HTTP Request: GET https://ytlsqyzwoivtmvznojzb.supabase.co/rest/v1/system_config?select=key%2Cvalue "HTTP/2 200 OK"
22:30:04 INFO httpx - HTTP Request: GET https://ytlsqyzwoivtmvznojzb.supabase.co/rest/v1/trade_setups?select=%2A&entry_triggered=eq.True&paper_outcome=is.null "HTTP/2 200 OK"
22:30:04 INFO httpx - HTTP Request: GET https://ytlsqyzwoivtmvznojzb.supabase.co/rest/v1/watchlist_staging?select=%2A&order=days_in_stage.desc "HTTP/2 200 OK"
22:30:04 INFO httpx - HTTP Request: GET https://ytlsqyzwoivtmvznojzb.supabase.co/rest/v1/lot_sizes?select=symbol%2Clot_size "HTTP/2 200 OK"
22:30:04 INFO httpx - HTTP Request: GET https://ytlsqyzwoivtmvznojzb.supabase.co/rest/v1/trade_setups?select=symbol%2Csetup_date%2Cdirection%2Cconviction_score%2Cpaper_outcome&paper_outcome=not.is.null&setup_date=gte.2026-05-20&order=setup_date.desc "HTTP/2 200 OK"
22:30:04 INFO httpx - HTTP Request: GET https://ytlsqyzwoivtmvznojzb.supabase.co/rest/v1/continuous_oi_series?select=rollover_phase%2Cnear_expiry%2Cnext_expiry%2Cnear_month_oi%2Cnext_month_oi%2Crollover_pct%2Cpcr_near%2Cpcr_total%2Cmax_pain&date=eq.2026-05-27&limit=1 "HTTP/2 200 OK"
22:30:04 INFO pipeline.context_builder - Context bundle built: regime=SIDEWAYS_WIDE slots=3/3 rollover=NORMAL watchlist=7 outcomes=0
22:30:04 INFO httpx - HTTP Request: GET https://ytlsqyzwoivtmvznojzb.supabase.co/rest/v1/watchlist_staging?select=%2A&order=days_in_stage.desc "HTTP/2 200 OK"
22:30:04 INFO httpx - HTTP Request: GET https://ytlsqyzwoivtmvznojzb.supabase.co/rest/v1/lot_sizes?select=symbol%2Clot_size "HTTP/2 200 OK"
22:30:04 INFO pipeline.orchestrator - Watchlist re-analysis: 6 stocks prioritized
22:30:04 INFO pipeline.orchestrator - Stage 5: Claude multi-turn session (48 stocks)...
22:30:04 INFO httpx - HTTP Request: GET https://ytlsqyzwoivtmvznojzb.supabase.co/rest/v1/system_config?select=key%2Cvalue "HTTP/2 200 OK"
22:30:04 INFO httpx - HTTP Request: GET https://ytlsqyzwoivtmvznojzb.supabase.co/rest/v1/session_claude_turns?select=input_tokens%2Coutput_tokens&completed_at=gte.2026-05-01 "HTTP/2 200 OK"
22:30:04 INFO pipeline.claude_session - Budget check OK: spent=$1.17 / $60.00
22:30:05 INFO pipeline.system_prompt_builder - System prompt built: 1603 chars | regime=SIDEWAYS_WIDE | slots=3 | rollover=NORMAL
22:30:05 INFO pipeline.claude_session - Turn 1: assembling market context data...
22:30:05 INFO httpx - HTTP Request: GET https://ytlsqyzwoivtmvznojzb.supabase.co/rest/v1/price_history?select=date%2Copen%2Chigh%2Clow%2Cclose%2Cvolume&symbol=eq.NIFTY_50&order=date.desc&limit=32 "HTTP/2 200 OK"
22:30:05 INFO httpx - HTTP Request: GET https://ytlsqyzwoivtmvznojzb.supabase.co/rest/v1/price_history?select=date%2Copen%2Chigh%2Clow%2Cclose%2Cvolume&symbol=eq.INDIA_VIX&order=date.desc&limit=32 "HTTP/2 200 OK"
22:30:05 INFO httpx - HTTP Request: GET https://ytlsqyzwoivtmvznojzb.supabase.co/rest/v1/fii_dii_flows?select=%2A&order=date.desc&limit=32 "HTTP/2 200 OK"
22:30:05 WARNING pipeline.claude_session - Failed to calculate Nifty OI walls: get_options_snapshot() missing 1 required positional argument: 'expiry_date'
22:30:05 INFO pipeline.claude_session - Turn 1: calling Claude...
22:30:18 INFO httpx - HTTP Request: POST https://api.anthropic.com/v1/messages "HTTP/1.1 200 OK"
22:30:18 INFO pipeline.claude_session - Turn 1 done: in=3 out=492 cache_create=0 cache_read=2763
22:30:18 INFO httpx - HTTP Request: POST https://ytlsqyzwoivtmvznojzb.supabase.co/rest/v1/session_claude_turns?on_conflict=session_id%2Cturn_number "HTTP/2 200 OK"
22:30:19 INFO httpx - HTTP Request: PATCH https://ytlsqyzwoivtmvznojzb.supabase.co/rest/v1/analysis_sessions?session_id=eq.SESSION_20260527 "HTTP/2 200 OK"
22:30:19 INFO pipeline.claude_session - Turn 2: assembling pre-scan data for 48 stocks...
22:30:19 INFO httpx - HTTP Request: GET https://ytlsqyzwoivtmvznojzb.supabase.co/rest/v1/price_history?select=date%2Copen%2Chigh%2Clow%2Cclose%2Cvolume&symbol=eq.ADANIENT&order=date.desc&limit=40 "HTTP/2 200 OK"
22:30:19 INFO httpx - HTTP Request: GET https://ytlsqyzwoivtmvznojzb.supabase.co/rest/v1/continuous_oi_series?select=%2A&symbol=eq.ADANIENT&order=date.desc&limit=10 "HTTP/2 200 OK"
22:30:19 INFO httpx - HTTP Request: GET https://ytlsqyzwoivtmvznojzb.supabase.co/rest/v1/futures_continuous_series?select=%2A&symbol=eq.ADANIENT&date=eq.2026-05-27 "HTTP/2 200 OK"
22:30:19 INFO httpx - HTTP Request: GET https://ytlsqyzwoivtmvznojzb.supabase.co/rest/v1/price_history?select=date%2Copen%2Chigh%2Clow%2Cclose%2Cvolume&symbol=eq.ADANIPORTS&order=date.desc&limit=40 "HTTP/2 200 OK"
22:30:19 INFO httpx - HTTP Request: GET https://ytlsqyzwoivtmvznojzb.supabase.co/rest/v1/continuous_oi_series?select=%2A&symbol=eq.ADANIPORTS&order=date.desc&limit=10 "HTTP/2 200 OK"
22:30:19 INFO httpx - HTTP Request: GET https://ytlsqyzwoivtmvznojzb.supabase.co/rest/v1/futures_continuous_series?select=%2A&symbol=eq.ADANIPORTS&date=eq.2026-05-27 "HTTP/2 200 OK"
22:30:19 INFO httpx - HTTP Request: GET https://ytlsqyzwoivtmvznojzb.supabase.co/rest/v1/price_history?select=date%2Copen%2Chigh%2Clow%2Cclose%2Cvolume&symbol=eq.APOLLOHOSP&order=date.desc&limit=40 "HTTP/2 200 OK"
22:30:19 INFO httpx - HTTP Request: GET https://ytlsqyzwoivtmvznojzb.supabase.co/rest/v1/continuous_oi_series?select=%2A&symbol=eq.APOLLOHOSP&order=date.desc&limit=10 "HTTP/2 200 OK"
22:30:19 INFO httpx - HTTP Request: GET https://ytlsqyzwoivtmvznojzb.supabase.co/rest/v1/futures_continuous_series?select=%2A&symbol=eq.APOLLOHOSP&date=eq.2026-05-27 "HTTP/2 200 OK"
22:30:19 INFO httpx - HTTP Request: GET https://ytlsqyzwoivtmvznojzb.supabase.co/rest/v1/price_history?select=date%2Copen%2Chigh%2Clow%2Cclose%2Cvolume&symbol=eq.AXISBANK&order=date.desc&limit=40 "HTTP/2 200 OK"
22:30:19 INFO httpx - HTTP Request: GET https://ytlsqyzwoivtmvznojzb.supabase.co/rest/v1/continuous_oi_series?select=%2A&symbol=eq.AXISBANK&order=date.desc&limit=10 "HTTP/2 200 OK"
22:30:19 INFO httpx - HTTP Request: GET https://ytlsqyzwoivtmvznojzb.supabase.co/rest/v1/futures_continuous_series?select=%2A&symbol=eq.AXISBANK&date=eq.2026-05-27 "HTTP/2 200 OK"
22:30:19 INFO httpx - HTTP Request: GET https://ytlsqyzwoivtmvznojzb.supabase.co/rest/v1/price_history?select=date%2Copen%2Chigh%2Clow%2Cclose%2Cvolume&symbol=eq.BAJAJ-AUTO&order=date.desc&limit=40 "HTTP/2 200 OK"
22:30:19 INFO httpx - HTTP Request: GET https://ytlsqyzwoivtmvznojzb.supabase.co/rest/v1/continuous_oi_series?select=%2A&symbol=eq.BAJAJ-AUTO&order=date.desc&limit=10 "HTTP/2 200 OK"
22:30:19 INFO httpx - HTTP Request: GET https://ytlsqyzwoivtmvznojzb.supabase.co/rest/v1/futures_continuous_series?select=%2A&symbol=eq.BAJAJ-AUTO&date=eq.2026-05-27 "HTTP/2 200 OK"
22:30:19 INFO httpx - HTTP Request: GET https://ytlsqyzwoivtmvznojzb.supabase.co/rest/v1/price_history?select=date%2Copen%2Chigh%2Clow%2Cclose%2Cvolume&symbol=eq.BAJAJFINSV&order=date.desc&limit=40 "HTTP/2 200 OK"
22:30:19 INFO httpx - HTTP Request: GET https://ytlsqyzwoivtmvznojzb.supabase.co/rest/v1/continuous_oi_series?select=%2A&symbol=eq.BAJAJFINSV&order=date.desc&limit=10 "HTTP/2 200 OK"
22:30:19 INFO httpx - HTTP Request: GET https://ytlsqyzwoivtmvznojzb.supabase.co/rest/v1/futures_continuous_series?select=%2A&symbol=eq.BAJAJFINSV&date=eq.2026-05-27 "HTTP/2 200 OK"
22:30:19 INFO httpx - HTTP Request: GET https://ytlsqyzwoivtmvznojzb.supabase.co/rest/v1/price_history?select=date%2Copen%2Chigh%2Clow%2Cclose%2Cvolume&symbol=eq.BAJFINANCE&order=date.desc&limit=40 "HTTP/2 200 OK"
22:30:20 INFO httpx - HTTP Request: GET https://ytlsqyzwoivtmvznojzb.supabase.co/rest/v1/continuous_oi_series?select=%2A&symbol=eq.BAJFINANCE&order=date.desc&limit=10 "HTTP/2 200 OK"
22:30:20 INFO httpx - HTTP Request: GET https://ytlsqyzwoivtmvznojzb.supabase.co/rest/v1/futures_continuous_series?select=%2A&symbol=eq.BAJFINANCE&date=eq.2026-05-27 "HTTP/2 200 OK"
22:30:20 INFO httpx - HTTP Request: GET https://ytlsqyzwoivtmvznojzb.supabase.co/rest/v1/price_history?select=date%2Copen%2Chigh%2Clow%2Cclose%2Cvolume&symbol=eq.BEL&order=date.desc&limit=40 "HTTP/2 200 OK"
22:30:20 INFO httpx - HTTP Request: GET https://ytlsqyzwoivtmvznojzb.supabase.co/rest/v1/continuous_oi_series?select=%2A&symbol=eq.BEL&order=date.desc&limit=10 "HTTP/2 200 OK"
22:30:20 INFO httpx - HTTP Request: GET https://ytlsqyzwoivtmvznojzb.supabase.co/rest/v1/futures_continuous_series?select=%2A&symbol=eq.BEL&date=eq.2026-05-27 "HTTP/2 200 OK"
22:30:20 INFO httpx - HTTP Request: GET https://ytlsqyzwoivtmvznojzb.supabase.co/rest/v1/price_history?select=date%2Copen%2Chigh%2Clow%2Cclose%2Cvolume&symbol=eq.BHARTIARTL&order=date.desc&limit=40 "HTTP/2 200 OK"
22:30:20 INFO httpx - HTTP Request: GET https://ytlsqyzwoivtmvznojzb.supabase.co/rest/v1/continuous_oi_series?select=%2A&symbol=eq.BHARTIARTL&order=date.desc&limit=10 "HTTP/2 200 OK"
22:30:20 INFO httpx - HTTP Request: GET https://ytlsqyzwoivtmvznojzb.supabase.co/rest/v1/futures_continuous_series?select=%2A&symbol=eq.BHARTIARTL&date=eq.2026-05-27 "HTTP/2 200 OK"
22:30:20 INFO httpx - HTTP Request: GET https://ytlsqyzwoivtmvznojzb.supabase.co/rest/v1/price_history?select=date%2Copen%2Chigh%2Clow%2Cclose%2Cvolume&symbol=eq.CIPLA&order=date.desc&limit=40 "HTTP/2 200 OK"
22:30:20 INFO httpx - HTTP Request: GET https://ytlsqyzwoivtmvznojzb.supabase.co/rest/v1/continuous_oi_series?select=%2A&symbol=eq.CIPLA&order=date.desc&limit=10 "HTTP/2 200 OK"
22:30:20 INFO httpx - HTTP Request: GET https://ytlsqyzwoivtmvznojzb.supabase.co/rest/v1/futures_continuous_series?select=%2A&symbol=eq.CIPLA&date=eq.2026-05-27 "HTTP/2 200 OK"
22:30:20 INFO httpx - HTTP Request: GET https://ytlsqyzwoivtmvznojzb.supabase.co/rest/v1/price_history?select=date%2Copen%2Chigh%2Clow%2Cclose%2Cvolume&symbol=eq.COALINDIA&order=date.desc&limit=40 "HTTP/2 200 OK"
22:30:20 INFO httpx - HTTP Request: GET https://ytlsqyzwoivtmvznojzb.supabase.co/rest/v1/continuous_oi_series?select=%2A&symbol=eq.COALINDIA&order=date.desc&limit=10 "HTTP/2 200 OK"
22:30:20 INFO httpx - HTTP Request: GET https://ytlsqyzwoivtmvznojzb.supabase.co/rest/v1/futures_continuous_series?select=%2A&symbol=eq.COALINDIA&date=eq.2026-05-27 "HTTP/2 200 OK"
22:30:20 INFO httpx - HTTP Request: GET https://ytlsqyzwoivtmvznojzb.supabase.co/rest/v1/price_history?select=date%2Copen%2Chigh%2Clow%2Cclose%2Cvolume&symbol=eq.DRREDDY&order=date.desc&limit=40 "HTTP/2 200 OK"
22:30:20 INFO httpx - HTTP Request: GET https://ytlsqyzwoivtmvznojzb.supabase.co/rest/v1/continuous_oi_series?select=%2A&symbol=eq.DRREDDY&order=date.desc&limit=10 "HTTP/2 200 OK"
22:30:20 INFO httpx - HTTP Request: GET https://ytlsqyzwoivtmvznojzb.supabase.co/rest/v1/futures_continuous_series?select=%2A&symbol=eq.DRREDDY&date=eq.2026-05-27 "HTTP/2 200 OK"
22:30:20 INFO httpx - HTTP Request: GET https://ytlsqyzwoivtmvznojzb.supabase.co/rest/v1/price_history?select=date%2Copen%2Chigh%2Clow%2Cclose%2Cvolume&symbol=eq.EICHERMOT&order=date.desc&limit=40 "HTTP/2 200 OK"
22:30:20 INFO httpx - HTTP Request: GET https://ytlsqyzwoivtmvznojzb.supabase.co/rest/v1/continuous_oi_series?select=%2A&symbol=eq.EICHERMOT&order=date.desc&limit=10 "HTTP/2 200 OK"
22:30:20 INFO httpx - HTTP Request: GET https://ytlsqyzwoivtmvznojzb.supabase.co/rest/v1/futures_continuous_series?select=%2A&symbol=eq.EICHERMOT&date=eq.2026-05-27 "HTTP/2 200 OK"
22:30:21 INFO httpx - HTTP Request: GET https://ytlsqyzwoivtmvznojzb.supabase.co/rest/v1/price_history?select=date%2Copen%2Chigh%2Clow%2Cclose%2Cvolume&symbol=eq.ETERNAL&order=date.desc&limit=40 "HTTP/2 200 OK"
22:30:21 INFO httpx - HTTP Request: GET https://ytlsqyzwoivtmvznojzb.supabase.co/rest/v1/continuous_oi_series?select=%2A&symbol=eq.ETERNAL&order=date.desc&limit=10 "HTTP/2 200 OK"
22:30:21 INFO httpx - HTTP Request: GET https://ytlsqyzwoivtmvznojzb.supabase.co/rest/v1/futures_continuous_series?select=%2A&symbol=eq.ETERNAL&date=eq.2026-05-27 "HTTP/2 200 OK"
22:30:21 INFO httpx - HTTP Request: GET https://ytlsqyzwoivtmvznojzb.supabase.co/rest/v1/price_history?select=date%2Copen%2Chigh%2Clow%2Cclose%2Cvolume&symbol=eq.GRASIM&order=date.desc&limit=40 "HTTP/2 200 OK"
22:30:21 INFO httpx - HTTP Request: GET https://ytlsqyzwoivtmvznojzb.supabase.co/rest/v1/continuous_oi_series?select=%2A&symbol=eq.GRASIM&order=date.desc&limit=10 "HTTP/2 200 OK"
22:30:21 INFO httpx - HTTP Request: GET https://ytlsqyzwoivtmvznojzb.supabase.co/rest/v1/futures_continuous_series?select=%2A&symbol=eq.GRASIM&date=eq.2026-05-27 "HTTP/2 200 OK"
22:30:21 INFO httpx - HTTP Request: GET https://ytlsqyzwoivtmvznojzb.supabase.co/rest/v1/price_history?select=date%2Copen%2Chigh%2Clow%2Cclose%2Cvolume&symbol=eq.HCLTECH&order=date.desc&limit=40 "HTTP/2 200 OK"
22:30:21 INFO httpx - HTTP Request: GET https://ytlsqyzwoivtmvznojzb.supabase.co/rest/v1/continuous_oi_series?select=%2A&symbol=eq.HCLTECH&order=date.desc&limit=10 "HTTP/2 200 OK"
22:30:21 INFO httpx - HTTP Request: GET https://ytlsqyzwoivtmvznojzb.supabase.co/rest/v1/futures_continuous_series?select=%2A&symbol=eq.HCLTECH&date=eq.2026-05-27 "HTTP/2 200 OK"
22:30:21 INFO httpx - HTTP Request: GET https://ytlsqyzwoivtmvznojzb.supabase.co/rest/v1/price_history?select=date%2Copen%2Chigh%2Clow%2Cclose%2Cvolume&symbol=eq.HDFCBANK&order=date.desc&limit=40 "HTTP/2 200 OK"
22:30:21 INFO httpx - HTTP Request: GET https://ytlsqyzwoivtmvznojzb.supabase.co/rest/v1/continuous_oi_series?select=%2A&symbol=eq.HDFCBANK&order=date.desc&limit=10 "HTTP/2 200 OK"
22:30:21 INFO httpx - HTTP Request: GET https://ytlsqyzwoivtmvznojzb.supabase.co/rest/v1/futures_continuous_series?select=%2A&symbol=eq.HDFCBANK&date=eq.2026-05-27 "HTTP/2 200 OK"
22:30:21 INFO httpx - HTTP Request: GET https://ytlsqyzwoivtmvznojzb.supabase.co/rest/v1/price_history?select=date%2Copen%2Chigh%2Clow%2Cclose%2Cvolume&symbol=eq.HDFCLIFE&order=date.desc&limit=40 "HTTP/2 200 OK"
22:30:21 INFO httpx - HTTP Request: GET https://ytlsqyzwoivtmvznojzb.supabase.co/rest/v1/continuous_oi_series?select=%2A&symbol=eq.HDFCLIFE&order=date.desc&limit=10 "HTTP/2 200 OK"
22:30:21 INFO httpx - HTTP Request: GET https://ytlsqyzwoivtmvznojzb.supabase.co/rest/v1/futures_continuous_series?select=%2A&symbol=eq.HDFCLIFE&date=eq.2026-05-27 "HTTP/2 200 OK"
22:30:21 INFO httpx - HTTP Request: GET https://ytlsqyzwoivtmvznojzb.supabase.co/rest/v1/price_history?select=date%2Copen%2Chigh%2Clow%2Cclose%2Cvolume&symbol=eq.HINDALCO&order=date.desc&limit=40 "HTTP/2 200 OK"
22:30:21 INFO httpx - HTTP Request: GET https://ytlsqyzwoivtmvznojzb.supabase.co/rest/v1/continuous_oi_series?select=%2A&symbol=eq.HINDALCO&order=date.desc&limit=10 "HTTP/2 200 OK"
22:30:21 INFO httpx - HTTP Request: GET https://ytlsqyzwoivtmvznojzb.supabase.co/rest/v1/futures_continuous_series?select=%2A&symbol=eq.HINDALCO&date=eq.2026-05-27 "HTTP/2 200 OK"
22:30:21 INFO httpx - HTTP Request: GET https://ytlsqyzwoivtmvznojzb.supabase.co/rest/v1/price_history?select=date%2Copen%2Chigh%2Clow%2Cclose%2Cvolume&symbol=eq.HINDUNILVR&order=date.desc&limit=40 "HTTP/2 200 OK"
22:30:21 INFO httpx - HTTP Request: GET https://ytlsqyzwoivtmvznojzb.supabase.co/rest/v1/continuous_oi_series?select=%2A&symbol=eq.HINDUNILVR&order=date.desc&limit=10 "HTTP/2 200 OK"
22:30:22 INFO httpx - HTTP Request: GET https://ytlsqyzwoivtmvznojzb.supabase.co/rest/v1/futures_continuous_series?select=%2A&symbol=eq.HINDUNILVR&date=eq.2026-05-27 "HTTP/2 200 OK"
22:30:22 INFO httpx - HTTP Request: GET https://ytlsqyzwoivtmvznojzb.supabase.co/rest/v1/price_history?select=date%2Copen%2Chigh%2Clow%2Cclose%2Cvolume&symbol=eq.ICICIBANK&order=date.desc&limit=40 "HTTP/2 200 OK"
22:30:22 INFO httpx - HTTP Request: GET https://ytlsqyzwoivtmvznojzb.supabase.co/rest/v1/continuous_oi_series?select=%2A&symbol=eq.ICICIBANK&order=date.desc&limit=10 "HTTP/2 200 OK"
22:30:22 INFO httpx - HTTP Request: GET https://ytlsqyzwoivtmvznojzb.supabase.co/rest/v1/futures_continuous_series?select=%2A&symbol=eq.ICICIBANK&date=eq.2026-05-27 "HTTP/2 200 OK"
22:30:22 INFO httpx - HTTP Request: GET https://ytlsqyzwoivtmvznojzb.supabase.co/rest/v1/price_history?select=date%2Copen%2Chigh%2Clow%2Cclose%2Cvolume&symbol=eq.INFY&order=date.desc&limit=40 "HTTP/2 200 OK"
22:30:22 INFO httpx - HTTP Request: GET https://ytlsqyzwoivtmvznojzb.supabase.co/rest/v1/continuous_oi_series?select=%2A&symbol=eq.INFY&order=date.desc&limit=10 "HTTP/2 200 OK"
22:30:22 INFO httpx - HTTP Request: GET https://ytlsqyzwoivtmvznojzb.supabase.co/rest/v1/futures_continuous_series?select=%2A&symbol=eq.INFY&date=eq.2026-05-27 "HTTP/2 200 OK"
22:30:22 INFO httpx - HTTP Request: GET https://ytlsqyzwoivtmvznojzb.supabase.co/rest/v1/price_history?select=date%2Copen%2Chigh%2Clow%2Cclose%2Cvolume&symbol=eq.ITC&order=date.desc&limit=40 "HTTP/2 200 OK"
22:30:22 INFO httpx - HTTP Request: GET https://ytlsqyzwoivtmvznojzb.supabase.co/rest/v1/continuous_oi_series?select=%2A&symbol=eq.ITC&order=date.desc&limit=10 "HTTP/2 200 OK"
22:30:22 INFO httpx - HTTP Request: GET https://ytlsqyzwoivtmvznojzb.supabase.co/rest/v1/futures_continuous_series?select=%2A&symbol=eq.ITC&date=eq.2026-05-27 "HTTP/2 200 OK"
22:30:22 INFO httpx - HTTP Request: GET https://ytlsqyzwoivtmvznojzb.supabase.co/rest/v1/price_history?select=date%2Copen%2Chigh%2Clow%2Cclose%2Cvolume&symbol=eq.JIOFIN&order=date.desc&limit=40 "HTTP/2 200 OK"
22:30:22 INFO httpx - HTTP Request: GET https://ytlsqyzwoivtmvznojzb.supabase.co/rest/v1/continuous_oi_series?select=%2A&symbol=eq.JIOFIN&order=date.desc&limit=10 "HTTP/2 200 OK"
22:30:22 INFO httpx - HTTP Request: GET https://ytlsqyzwoivtmvznojzb.supabase.co/rest/v1/futures_continuous_series?select=%2A&symbol=eq.JIOFIN&date=eq.2026-05-27 "HTTP/2 200 OK"
22:30:22 INFO httpx - HTTP Request: GET https://ytlsqyzwoivtmvznojzb.supabase.co/rest/v1/price_history?select=date%2Copen%2Chigh%2Clow%2Cclose%2Cvolume&symbol=eq.JSWSTEEL&order=date.desc&limit=40 "HTTP/2 200 OK"
22:30:22 INFO httpx - HTTP Request: GET https://ytlsqyzwoivtmvznojzb.supabase.co/rest/v1/continuous_oi_series?select=%2A&symbol=eq.JSWSTEEL&order=date.desc&limit=10 "HTTP/2 200 OK"
22:30:22 INFO httpx - HTTP Request: GET https://ytlsqyzwoivtmvznojzb.supabase.co/rest/v1/futures_continuous_series?select=%2A&symbol=eq.JSWSTEEL&date=eq.2026-05-27 "HTTP/2 200 OK"
22:30:22 INFO httpx - HTTP Request: GET https://ytlsqyzwoivtmvznojzb.supabase.co/rest/v1/price_history?select=date%2Copen%2Chigh%2Clow%2Cclose%2Cvolume&symbol=eq.KOTAKBANK&order=date.desc&limit=40 "HTTP/2 200 OK"
22:30:22 INFO httpx - HTTP Request: GET https://ytlsqyzwoivtmvznojzb.supabase.co/rest/v1/continuous_oi_series?select=%2A&symbol=eq.KOTAKBANK&order=date.desc&limit=10 "HTTP/2 200 OK"
22:30:22 INFO httpx - HTTP Request: GET https://ytlsqyzwoivtmvznojzb.supabase.co/rest/v1/futures_continuous_series?select=%2A&symbol=eq.KOTAKBANK&date=eq.2026-05-27 "HTTP/2 200 OK"
22:30:22 INFO httpx - HTTP Request: GET https://ytlsqyzwoivtmvznojzb.supabase.co/rest/v1/price_history?select=date%2Copen%2Chigh%2Clow%2Cclose%2Cvolume&symbol=eq.LT&order=date.desc&limit=40 "HTTP/2 200 OK"
22:30:22 INFO httpx - HTTP Request: GET https://ytlsqyzwoivtmvznojzb.supabase.co/rest/v1/continuous_oi_series?select=%2A&symbol=eq.LT&order=date.desc&limit=10 "HTTP/2 200 OK"
22:30:23 INFO httpx - HTTP Request: GET https://ytlsqyzwoivtmvznojzb.supabase.co/rest/v1/futures_continuous_series?select=%2A&symbol=eq.LT&date=eq.2026-05-27 "HTTP/2 200 OK"
22:30:23 INFO httpx - HTTP Request: GET https://ytlsqyzwoivtmvznojzb.supabase.co/rest/v1/price_history?select=date%2Copen%2Chigh%2Clow%2Cclose%2Cvolume&symbol=eq.M%26M&order=date.desc&limit=40 "HTTP/2 200 OK"
22:30:23 INFO httpx - HTTP Request: GET https://ytlsqyzwoivtmvznojzb.supabase.co/rest/v1/continuous_oi_series?select=%2A&symbol=eq.M%26M&order=date.desc&limit=10 "HTTP/2 200 OK"
22:30:23 INFO httpx - HTTP Request: GET https://ytlsqyzwoivtmvznojzb.supabase.co/rest/v1/futures_continuous_series?select=%2A&symbol=eq.M%26M&date=eq.2026-05-27 "HTTP/2 200 OK"
22:30:23 INFO httpx - HTTP Request: GET https://ytlsqyzwoivtmvznojzb.supabase.co/rest/v1/price_history?select=date%2Copen%2Chigh%2Clow%2Cclose%2Cvolume&symbol=eq.MARUTI&order=date.desc&limit=40 "HTTP/2 200 OK"
22:30:23 INFO httpx - HTTP Request: GET https://ytlsqyzwoivtmvznojzb.supabase.co/rest/v1/continuous_oi_series?select=%2A&symbol=eq.MARUTI&order=date.desc&limit=10 "HTTP/2 200 OK"
22:30:23 INFO httpx - HTTP Request: GET https://ytlsqyzwoivtmvznojzb.supabase.co/rest/v1/futures_continuous_series?select=%2A&symbol=eq.MARUTI&date=eq.2026-05-27 "HTTP/2 200 OK"
22:30:23 INFO httpx - HTTP Request: GET https://ytlsqyzwoivtmvznojzb.supabase.co/rest/v1/price_history?select=date%2Copen%2Chigh%2Clow%2Cclose%2Cvolume&symbol=eq.MAXHEALTH&order=date.desc&limit=40 "HTTP/2 200 OK"
22:30:23 INFO httpx - HTTP Request: GET https://ytlsqyzwoivtmvznojzb.supabase.co/rest/v1/continuous_oi_series?select=%2A&symbol=eq.MAXHEALTH&order=date.desc&limit=10 "HTTP/2 200 OK"
22:30:23 INFO httpx - HTTP Request: GET https://ytlsqyzwoivtmvznojzb.supabase.co/rest/v1/futures_continuous_series?select=%2A&symbol=eq.MAXHEALTH&date=eq.2026-05-27 "HTTP/2 200 OK"
22:30:23 INFO httpx - HTTP Request: GET https://ytlsqyzwoivtmvznojzb.supabase.co/rest/v1/price_history?select=date%2Copen%2Chigh%2Clow%2Cclose%2Cvolume&symbol=eq.NESTLEIND&order=date.desc&limit=40 "HTTP/2 200 OK"
22:30:23 INFO httpx - HTTP Request: GET https://ytlsqyzwoivtmvznojzb.supabase.co/rest/v1/continuous_oi_series?select=%2A&symbol=eq.NESTLEIND&order=date.desc&limit=10 "HTTP/2 200 OK"
22:30:23 INFO httpx - HTTP Request: GET https://ytlsqyzwoivtmvznojzb.supabase.co/rest/v1/futures_continuous_series?select=%2A&symbol=eq.NESTLEIND&date=eq.2026-05-27 "HTTP/2 200 OK"
22:30:23 INFO httpx - HTTP Request: GET https://ytlsqyzwoivtmvznojzb.supabase.co/rest/v1/price_history?select=date%2Copen%2Chigh%2Clow%2Cclose%2Cvolume&symbol=eq.NTPC&order=date.desc&limit=40 "HTTP/2 200 OK"
22:30:23 INFO httpx - HTTP Request: GET https://ytlsqyzwoivtmvznojzb.supabase.co/rest/v1/continuous_oi_series?select=%2A&symbol=eq.NTPC&order=date.desc&limit=10 "HTTP/2 200 OK"
22:30:23 INFO httpx - HTTP Request: GET https://ytlsqyzwoivtmvznojzb.supabase.co/rest/v1/futures_continuous_series?select=%2A&symbol=eq.NTPC&date=eq.2026-05-27 "HTTP/2 200 OK"
22:30:23 INFO httpx - HTTP Request: GET https://ytlsqyzwoivtmvznojzb.supabase.co/rest/v1/price_history?select=date%2Copen%2Chigh%2Clow%2Cclose%2Cvolume&symbol=eq.ONGC&order=date.desc&limit=40 "HTTP/2 200 OK"
22:30:23 INFO httpx - HTTP Request: GET https://ytlsqyzwoivtmvznojzb.supabase.co/rest/v1/continuous_oi_series?select=%2A&symbol=eq.ONGC&order=date.desc&limit=10 "HTTP/2 200 OK"
22:30:23 INFO httpx - HTTP Request: GET https://ytlsqyzwoivtmvznojzb.supabase.co/rest/v1/futures_continuous_series?select=%2A&symbol=eq.ONGC&date=eq.2026-05-27 "HTTP/2 200 OK"
22:30:23 INFO httpx - HTTP Request: GET https://ytlsqyzwoivtmvznojzb.supabase.co/rest/v1/price_history?select=date%2Copen%2Chigh%2Clow%2Cclose%2Cvolume&symbol=eq.POWERGRID&order=date.desc&limit=40 "HTTP/2 200 OK"
22:30:23 INFO httpx - HTTP Request: GET https://ytlsqyzwoivtmvznojzb.supabase.co/rest/v1/continuous_oi_series?select=%2A&symbol=eq.POWERGRID&order=date.desc&limit=10 "HTTP/2 200 OK"
22:30:24 INFO httpx - HTTP Request: GET https://ytlsqyzwoivtmvznojzb.supabase.co/rest/v1/futures_continuous_series?select=%2A&symbol=eq.POWERGRID&date=eq.2026-05-27 "HTTP/2 200 OK"
22:30:24 INFO httpx - HTTP Request: GET https://ytlsqyzwoivtmvznojzb.supabase.co/rest/v1/price_history?select=date%2Copen%2Chigh%2Clow%2Cclose%2Cvolume&symbol=eq.RELIANCE&order=date.desc&limit=40 "HTTP/2 200 OK"
22:30:24 INFO httpx - HTTP Request: GET https://ytlsqyzwoivtmvznojzb.supabase.co/rest/v1/continuous_oi_series?select=%2A&symbol=eq.RELIANCE&order=date.desc&limit=10 "HTTP/2 200 OK"
22:30:24 INFO httpx - HTTP Request: GET https://ytlsqyzwoivtmvznojzb.supabase.co/rest/v1/futures_continuous_series?select=%2A&symbol=eq.RELIANCE&date=eq.2026-05-27 "HTTP/2 200 OK"
22:30:24 INFO httpx - HTTP Request: GET https://ytlsqyzwoivtmvznojzb.supabase.co/rest/v1/price_history?select=date%2Copen%2Chigh%2Clow%2Cclose%2Cvolume&symbol=eq.SBILIFE&order=date.desc&limit=40 "HTTP/2 200 OK"
22:30:24 INFO httpx - HTTP Request: GET https://ytlsqyzwoivtmvznojzb.supabase.co/rest/v1/continuous_oi_series?select=%2A&symbol=eq.SBILIFE&order=date.desc&limit=10 "HTTP/2 200 OK"
22:30:24 INFO httpx - HTTP Request: GET https://ytlsqyzwoivtmvznojzb.supabase.co/rest/v1/futures_continuous_series?select=%2A&symbol=eq.SBILIFE&date=eq.2026-05-27 "HTTP/2 200 OK"
22:30:24 INFO httpx - HTTP Request: GET https://ytlsqyzwoivtmvznojzb.supabase.co/rest/v1/price_history?select=date%2Copen%2Chigh%2Clow%2Cclose%2Cvolume&symbol=eq.SBIN&order=date.desc&limit=40 "HTTP/2 200 OK"
22:30:24 INFO httpx - HTTP Request: GET https://ytlsqyzwoivtmvznojzb.supabase.co/rest/v1/continuous_oi_series?select=%2A&symbol=eq.SBIN&order=date.desc&limit=10 "HTTP/2 200 OK"
22:30:24 INFO httpx - HTTP Request: GET https://ytlsqyzwoivtmvznojzb.supabase.co/rest/v1/futures_continuous_series?select=%2A&symbol=eq.SBIN&date=eq.2026-05-27 "HTTP/2 200 OK"
22:30:24 INFO httpx - HTTP Request: GET https://ytlsqyzwoivtmvznojzb.supabase.co/rest/v1/price_history?select=date%2Copen%2Chigh%2Clow%2Cclose%2Cvolume&symbol=eq.SHRIRAMFIN&order=date.desc&limit=40 "HTTP/2 200 OK"
22:30:24 INFO httpx - HTTP Request: GET https://ytlsqyzwoivtmvznojzb.supabase.co/rest/v1/continuous_oi_series?select=%2A&symbol=eq.SHRIRAMFIN&order=date.desc&limit=10 "HTTP/2 200 OK"
22:30:24 INFO httpx - HTTP Request: GET https://ytlsqyzwoivtmvznojzb.supabase.co/rest/v1/futures_continuous_series?select=%2A&symbol=eq.SHRIRAMFIN&date=eq.2026-05-27 "HTTP/2 200 OK"
22:30:24 INFO httpx - HTTP Request: GET https://ytlsqyzwoivtmvznojzb.supabase.co/rest/v1/price_history?select=date%2Copen%2Chigh%2Clow%2Cclose%2Cvolume&symbol=eq.SUNPHARMA&order=date.desc&limit=40 "HTTP/2 200 OK"
22:30:24 INFO httpx - HTTP Request: GET https://ytlsqyzwoivtmvznojzb.supabase.co/rest/v1/continuous_oi_series?select=%2A&symbol=eq.SUNPHARMA&order=date.desc&limit=10 "HTTP/2 200 OK"
22:30:24 INFO httpx - HTTP Request: GET https://ytlsqyzwoivtmvznojzb.supabase.co/rest/v1/futures_continuous_series?select=%2A&symbol=eq.SUNPHARMA&date=eq.2026-05-27 "HTTP/2 200 OK"
22:30:24 INFO httpx - HTTP Request: GET https://ytlsqyzwoivtmvznojzb.supabase.co/rest/v1/price_history?select=date%2Copen%2Chigh%2Clow%2Cclose%2Cvolume&symbol=eq.TATACONSUM&order=date.desc&limit=40 "HTTP/2 200 OK"
22:30:24 INFO httpx - HTTP Request: GET https://ytlsqyzwoivtmvznojzb.supabase.co/rest/v1/continuous_oi_series?select=%2A&symbol=eq.TATACONSUM&order=date.desc&limit=10 "HTTP/2 200 OK"
22:30:24 INFO httpx - HTTP Request: GET https://ytlsqyzwoivtmvznojzb.supabase.co/rest/v1/futures_continuous_series?select=%2A&symbol=eq.TATACONSUM&date=eq.2026-05-27 "HTTP/2 200 OK"
22:30:24 INFO httpx - HTTP Request: GET https://ytlsqyzwoivtmvznojzb.supabase.co/rest/v1/price_history?select=date%2Copen%2Chigh%2Clow%2Cclose%2Cvolume&symbol=eq.TATASTEEL&order=date.desc&limit=40 "HTTP/2 200 OK"
22:30:24 INFO httpx - HTTP Request: GET https://ytlsqyzwoivtmvznojzb.supabase.co/rest/v1/continuous_oi_series?select=%2A&symbol=eq.TATASTEEL&order=date.desc&limit=10 "HTTP/2 200 OK"
22:30:25 INFO httpx - HTTP Request: GET https://ytlsqyzwoivtmvznojzb.supabase.co/rest/v1/futures_continuous_series?select=%2A&symbol=eq.TATASTEEL&date=eq.2026-05-27 "HTTP/2 200 OK"
22:30:25 INFO httpx - HTTP Request: GET https://ytlsqyzwoivtmvznojzb.supabase.co/rest/v1/price_history?select=date%2Copen%2Chigh%2Clow%2Cclose%2Cvolume&symbol=eq.TCS&order=date.desc&limit=40 "HTTP/2 200 OK"
22:30:25 INFO httpx - HTTP Request: GET https://ytlsqyzwoivtmvznojzb.supabase.co/rest/v1/continuous_oi_series?select=%2A&symbol=eq.TCS&order=date.desc&limit=10 "HTTP/2 200 OK"
22:30:25 INFO httpx - HTTP Request: GET https://ytlsqyzwoivtmvznojzb.supabase.co/rest/v1/futures_continuous_series?select=%2A&symbol=eq.TCS&date=eq.2026-05-27 "HTTP/2 200 OK"
22:30:25 INFO httpx - HTTP Request: GET https://ytlsqyzwoivtmvznojzb.supabase.co/rest/v1/price_history?select=date%2Copen%2Chigh%2Clow%2Cclose%2Cvolume&symbol=eq.TECHM&order=date.desc&limit=40 "HTTP/2 200 OK"
22:30:25 INFO httpx - HTTP Request: GET https://ytlsqyzwoivtmvznojzb.supabase.co/rest/v1/continuous_oi_series?select=%2A&symbol=eq.TECHM&order=date.desc&limit=10 "HTTP/2 200 OK"
22:30:25 INFO httpx - HTTP Request: GET https://ytlsqyzwoivtmvznojzb.supabase.co/rest/v1/futures_continuous_series?select=%2A&symbol=eq.TECHM&date=eq.2026-05-27 "HTTP/2 200 OK"
22:30:25 INFO httpx - HTTP Request: GET https://ytlsqyzwoivtmvznojzb.supabase.co/rest/v1/price_history?select=date%2Copen%2Chigh%2Clow%2Cclose%2Cvolume&symbol=eq.TITAN&order=date.desc&limit=40 "HTTP/2 200 OK"
22:30:25 INFO httpx - HTTP Request: GET https://ytlsqyzwoivtmvznojzb.supabase.co/rest/v1/continuous_oi_series?select=%2A&symbol=eq.TITAN&order=date.desc&limit=10 "HTTP/2 200 OK"
22:30:25 INFO httpx - HTTP Request: GET https://ytlsqyzwoivtmvznojzb.supabase.co/rest/v1/futures_continuous_series?select=%2A&symbol=eq.TITAN&date=eq.2026-05-27 "HTTP/2 200 OK"
22:30:25 INFO httpx - HTTP Request: GET https://ytlsqyzwoivtmvznojzb.supabase.co/rest/v1/price_history?select=date%2Copen%2Chigh%2Clow%2Cclose%2Cvolume&symbol=eq.TMPV&order=date.desc&limit=40 "HTTP/2 200 OK"
22:30:25 INFO httpx - HTTP Request: GET https://ytlsqyzwoivtmvznojzb.supabase.co/rest/v1/continuous_oi_series?select=%2A&symbol=eq.TMPV&order=date.desc&limit=10 "HTTP/2 200 OK"
22:30:25 INFO httpx - HTTP Request: GET https://ytlsqyzwoivtmvznojzb.supabase.co/rest/v1/futures_continuous_series?select=%2A&symbol=eq.TMPV&date=eq.2026-05-27 "HTTP/2 200 OK"
22:30:25 INFO httpx - HTTP Request: GET https://ytlsqyzwoivtmvznojzb.supabase.co/rest/v1/price_history?select=date%2Copen%2Chigh%2Clow%2Cclose%2Cvolume&symbol=eq.TRENT&order=date.desc&limit=40 "HTTP/2 200 OK"
22:30:25 INFO httpx - HTTP Request: GET https://ytlsqyzwoivtmvznojzb.supabase.co/rest/v1/continuous_oi_series?select=%2A&symbol=eq.TRENT&order=date.desc&limit=10 "HTTP/2 200 OK"
22:30:25 INFO httpx - HTTP Request: GET https://ytlsqyzwoivtmvznojzb.supabase.co/rest/v1/futures_continuous_series?select=%2A&symbol=eq.TRENT&date=eq.2026-05-27 "HTTP/2 200 OK"
22:30:25 INFO httpx - HTTP Request: GET https://ytlsqyzwoivtmvznojzb.supabase.co/rest/v1/price_history?select=date%2Copen%2Chigh%2Clow%2Cclose%2Cvolume&symbol=eq.ULTRACEMCO&order=date.desc&limit=40 "HTTP/2 200 OK"
22:30:26 INFO httpx - HTTP Request: GET https://ytlsqyzwoivtmvznojzb.supabase.co/rest/v1/continuous_oi_series?select=%2A&symbol=eq.ULTRACEMCO&order=date.desc&limit=10 "HTTP/2 200 OK"
22:30:26 INFO httpx - HTTP Request: GET https://ytlsqyzwoivtmvznojzb.supabase.co/rest/v1/futures_continuous_series?select=%2A&symbol=eq.ULTRACEMCO&date=eq.2026-05-27 "HTTP/2 200 OK"
22:30:26 INFO httpx - HTTP Request: GET https://ytlsqyzwoivtmvznojzb.supabase.co/rest/v1/price_history?select=date%2Copen%2Chigh%2Clow%2Cclose%2Cvolume&symbol=eq.WIPRO&order=date.desc&limit=40 "HTTP/2 200 OK"
22:30:26 INFO httpx - HTTP Request: GET https://ytlsqyzwoivtmvznojzb.supabase.co/rest/v1/continuous_oi_series?select=%2A&symbol=eq.WIPRO&order=date.desc&limit=10 "HTTP/2 200 OK"
22:30:26 INFO httpx - HTTP Request: GET https://ytlsqyzwoivtmvznojzb.supabase.co/rest/v1/futures_continuous_series?select=%2A&symbol=eq.WIPRO&date=eq.2026-05-27 "HTTP/2 200 OK"
22:30:26 INFO pipeline.claude_session - Turn 2: calling Claude...
22:32:20 INFO httpx - HTTP Request: POST https://api.anthropic.com/v1/messages "HTTP/1.1 200 OK"
22:32:20 INFO pipeline.claude_session - Turn 2 done: in=17473 out=7527 cache_read=0
22:32:20 INFO httpx - HTTP Request: POST https://ytlsqyzwoivtmvznojzb.supabase.co/rest/v1/session_claude_turns?on_conflict=session_id%2Cturn_number "HTTP/2 200 OK"
22:32:20 INFO pipeline.claude_session - Pre-scan: 9 stocks forwarded to deep analysis (5 HIGH priority)
22:32:20 INFO pipeline.claude_session - Turn 3: deep analysis for INDIGO (direction=LONG, re-analysis=True)...
22:32:20 INFO httpx - HTTP Request: GET https://ytlsqyzwoivtmvznojzb.supabase.co/rest/v1/price_history?select=date%2Copen%2Chigh%2Clow%2Cclose%2Cvolume&symbol=eq.INDIGO&order=date.desc&limit=250 "HTTP/2 200 OK"
22:32:21 INFO httpx - HTTP Request: GET https://ytlsqyzwoivtmvznojzb.supabase.co/rest/v1/lot_sizes?select=symbol%2Clot_size "HTTP/2 200 OK"
22:32:21 INFO httpx - HTTP Request: GET https://ytlsqyzwoivtmvznojzb.supabase.co/rest/v1/continuous_oi_series?select=%2A&symbol=eq.INDIGO&order=date.desc&limit=30 "HTTP/2 200 OK"
22:32:21 INFO httpx - HTTP Request: GET https://ytlsqyzwoivtmvznojzb.supabase.co/rest/v1/options_snapshots?select=%2A&symbol=eq.INDIGO&snapshot_date=eq.2026-05-27&expiry_date=eq.2026-06-30&order=strike.asc "HTTP/2 200 OK"
22:32:21 INFO httpx - HTTP Request: GET https://ytlsqyzwoivtmvznojzb.supabase.co/rest/v1/futures_continuous_series?select=%2A&symbol=eq.INDIGO&order=date.desc&limit=30 "HTTP/2 200 OK"
22:32:21 INFO httpx - HTTP Request: GET https://ytlsqyzwoivtmvznojzb.supabase.co/rest/v1/trade_setups?select=setup_date%2Cdirection%2Cconviction_score%2Cstage%2Cpaper_outcome%2Csetup_type&symbol=eq.INDIGO&order=setup_date.desc&limit=3 "HTTP/2 200 OK"
22:32:21 INFO httpx - HTTP Request: GET https://ytlsqyzwoivtmvznojzb.supabase.co/rest/v1/price_history?select=date%2Copen%2Chigh%2Clow%2Cclose%2Cvolume&symbol=eq.NIFTY+INFRA&order=date.desc&limit=30 "HTTP/2 200 OK"
22:32:21 INFO httpx - HTTP Request: GET https://ytlsqyzwoivtmvznojzb.supabase.co/rest/v1/price_history?select=date%2Copen%2Chigh%2Clow%2Cclose%2Cvolume&symbol=eq.NIFTY_50&order=date.desc&limit=30 "HTTP/2 200 OK"
22:32:21 INFO httpx - HTTP Request: GET https://ytlsqyzwoivtmvznojzb.supabase.co/rest/v1/options_snapshots?select=snapshot_date%2Cstrike%2Coption_type%2Cpremium_close%2Coi%2Civ&symbol=eq.INDIGO&expiry_date=eq.2026-06-30&strike=gte.3320.0&strike=lte.5820.0&order=snapshot_date.desc&limit=1000 "HTTP/2 200 OK"
22:33:20 INFO httpx - HTTP Request: POST https://api.anthropic.com/v1/messages "HTTP/1.1 200 OK"
22:33:20 INFO pipeline.deep_analysis - Position sizing verified by Python: lots=1 risk=\u20b911625 rr=2.42
22:33:20 INFO httpx - HTTP Request: POST https://ytlsqyzwoivtmvznojzb.supabase.co/rest/v1/session_claude_turns?on_conflict=session_id%2Cturn_number "HTTP/2 200 OK"
22:33:21 INFO integrations.telegram - Telegram message sent (id=40, silent=True)
22:33:21 INFO httpx - HTTP Request: PATCH https://ytlsqyzwoivtmvznojzb.supabase.co/rest/v1/watchlist_staging?symbol=eq.INDIGO "HTTP/2 200 OK"
22:33:23 INFO integrations.telegram - Telegram message sent (id=41, silent=False)
22:33:23 INFO pipeline.claude_session - Watchlist graduation: INDIGO
22:33:23 INFO pipeline.claude_session - Turn 3 done: INDIGO stage=TRADE_READY conviction=68 lots=1 rr=2.42 in=3 out=2696
22:33:23 INFO httpx - HTTP Request: POST https://ytlsqyzwoivtmvznojzb.supabase.co/rest/v1/trade_setups "HTTP/2 400 Bad Request"
22:33:23 ERROR pipeline.claude_session - Failed to save trade setup for INDIGO: {'message': 'value too long for type character varying(50)', 'code': '22001', 'hint': None, 'details': None}
22:33:23 INFO pipeline.claude_session - Turn 4: deep analysis for WIPRO (direction=LONG, re-analysis=True)...
22:33:23 INFO httpx - HTTP Request: GET https://ytlsqyzwoivtmvznojzb.supabase.co/rest/v1/price_history?select=date%2Copen%2Chigh%2Clow%2Cclose%2Cvolume&symbol=eq.WIPRO&order=date.desc&limit=250 "HTTP/2 200 OK"
22:33:23 INFO httpx - HTTP Request: GET https://ytlsqyzwoivtmvznojzb.supabase.co/rest/v1/lot_sizes?select=symbol%2Clot_size "HTTP/2 200 OK"
22:33:23 INFO httpx - HTTP Request: GET https://ytlsqyzwoivtmvznojzb.supabase.co/rest/v1/continuous_oi_series?select=%2A&symbol=eq.WIPRO&order=date.desc&limit=30 "HTTP/2 200 OK"
22:33:23 INFO httpx - HTTP Request: GET https://ytlsqyzwoivtmvznojzb.supabase.co/rest/v1/options_snapshots?select=%2A&symbol=eq.WIPRO&snapshot_date=eq.2026-05-27&expiry_date=eq.2026-06-30&order=strike.asc "HTTP/2 200 OK"
22:33:23 INFO httpx - HTTP Request: GET https://ytlsqyzwoivtmvznojzb.supabase.co/rest/v1/futures_continuous_series?select=%2A&symbol=eq.WIPRO&order=date.desc&limit=30 "HTTP/2 200 OK"
22:33:23 INFO httpx - HTTP Request: GET https://ytlsqyzwoivtmvznojzb.supabase.co/rest/v1/trade_setups?select=setup_date%2Cdirection%2Cconviction_score%2Cstage%2Cpaper_outcome%2Csetup_type&symbol=eq.WIPRO&order=setup_date.desc&limit=3 "HTTP/2 200 OK"
22:33:23 INFO httpx - HTTP Request: GET https://ytlsqyzwoivtmvznojzb.supabase.co/rest/v1/price_history?select=date%2Copen%2Chigh%2Clow%2Cclose%2Cvolume&symbol=eq.NIFTY+IT&order=date.desc&limit=30 "HTTP/2 200 OK"
22:33:23 INFO httpx - HTTP Request: GET https://ytlsqyzwoivtmvznojzb.supabase.co/rest/v1/price_history?select=date%2Copen%2Chigh%2Clow%2Cclose%2Cvolume&symbol=eq.NIFTY_50&order=date.desc&limit=30 "HTTP/2 200 OK"
22:33:23 INFO httpx - HTTP Request: GET https://ytlsqyzwoivtmvznojzb.supabase.co/rest/v1/options_snapshots?select=snapshot_date%2Cstrike%2Coption_type%2Cpremium_close%2Coi%2Civ&symbol=eq.WIPRO&expiry_date=eq.2026-06-30&strike=gte.76.58000000000001&strike=lte.326.58000000000004&order=snapshot_date.desc&limit=1000 "HTTP/2 200 OK"
22:34:16 INFO httpx - HTTP Request: POST https://api.anthropic.com/v1/messages "HTTP/1.1 200 OK"
22:34:16 INFO pipeline.deep_analysis - Position sizing verified by Python: lots=1 risk=\u20b98250 rr=3.18
22:34:16 INFO httpx - HTTP Request: POST https://ytlsqyzwoivtmvznojzb.supabase.co/rest/v1/session_claude_turns?on_conflict=session_id%2Cturn_number "HTTP/2 201 Created"
22:34:18 INFO integrations.telegram - Telegram message sent (id=42, silent=True)
22:34:18 INFO httpx - HTTP Request: PATCH https://ytlsqyzwoivtmvznojzb.supabase.co/rest/v1/watchlist_staging?symbol=eq.WIPRO "HTTP/2 200 OK"
22:34:18 INFO pipeline.claude_session - Watchlist maintenance: WIPRO (Day 1)
22:34:18 INFO pipeline.claude_session - Turn 4 done: WIPRO stage=WATCH conviction=55 lots=1 rr=3.18 in=18625 out=2315
22:34:18 INFO httpx - HTTP Request: POST https://ytlsqyzwoivtmvznojzb.supabase.co/rest/v1/trade_setups "HTTP/2 400 Bad Request"
22:34:18 ERROR pipeline.claude_session - Failed to save trade setup for WIPRO: {'message': 'value too long for type character varying(50)', 'code': '22001', 'hint': None, 'details': None}
22:34:18 INFO pipeline.claude_session - Turn 5: deep analysis for COALINDIA (direction=LONG, re-analysis=False)...
22:34:18 INFO httpx - HTTP Request: GET https://ytlsqyzwoivtmvznojzb.supabase.co/rest/v1/price_history?select=date%2Copen%2Chigh%2Clow%2Cclose%2Cvolume&symbol=eq.COALINDIA&order=date.desc&limit=250 "HTTP/2 200 OK"
22:34:18 INFO httpx - HTTP Request: GET https://ytlsqyzwoivtmvznojzb.supabase.co/rest/v1/lot_sizes?select=symbol%2Clot_size "HTTP/2 200 OK"
22:34:18 INFO pipeline.deep_analysis - Lot size missing for COALINDIA — trying Kite instruments master
22:34:18 INFO httpx - HTTP Request: GET https://ytlsqyzwoivtmvznojzb.supabase.co/rest/v1/kite_tokens?select=%2A&user_id=eq.primary "HTTP/2 200 OK"
22:34:20 INFO httpx - HTTP Request: POST https://ytlsqyzwoivtmvznojzb.supabase.co/rest/v1/lot_sizes?on_conflict=symbol "HTTP/2 201 Created"
22:34:20 INFO pipeline.deep_analysis - Lot size fetched from Kite: COALINDIA = 1350 (cached)
22:34:20 INFO httpx - HTTP Request: GET https://ytlsqyzwoivtmvznojzb.supabase.co/rest/v1/continuous_oi_series?select=%2A&symbol=eq.COALINDIA&order=date.desc&limit=30 "HTTP/2 200 OK"
22:34:20 INFO httpx - HTTP Request: GET https://ytlsqyzwoivtmvznojzb.supabase.co/rest/v1/options_snapshots?select=%2A&symbol=eq.COALINDIA&snapshot_date=eq.2026-05-27&expiry_date=eq.2026-06-30&order=strike.asc "HTTP/2 200 OK"
22:34:20 INFO httpx - HTTP Request: GET https://ytlsqyzwoivtmvznojzb.supabase.co/rest/v1/futures_continuous_series?select=%2A&symbol=eq.COALINDIA&order=date.desc&limit=30 "HTTP/2 200 OK"
22:34:20 INFO httpx - HTTP Request: GET https://ytlsqyzwoivtmvznojzb.supabase.co/rest/v1/trade_setups?select=setup_date%2Cdirection%2Cconviction_score%2Cstage%2Cpaper_outcome%2Csetup_type&symbol=eq.COALINDIA&order=setup_date.desc&limit=3 "HTTP/2 200 OK"
22:34:20 INFO httpx - HTTP Request: GET https://ytlsqyzwoivtmvznojzb.supabase.co/rest/v1/price_history?select=date%2Copen%2Chigh%2Clow%2Cclose%2Cvolume&symbol=eq.NIFTY+ENERGY&order=date.desc&limit=30 "HTTP/2 200 OK"
22:34:20 INFO httpx - HTTP Request: GET https://ytlsqyzwoivtmvznojzb.supabase.co/rest/v1/price_history?select=date%2Copen%2Chigh%2Clow%2Cclose%2Cvolume&symbol=eq.NIFTY_50&order=date.desc&limit=30 "HTTP/2 200 OK"
22:34:20 INFO httpx - HTTP Request: GET https://ytlsqyzwoivtmvznojzb.supabase.co/rest/v1/options_snapshots?select=snapshot_date%2Cstrike%2Coption_type%2Cpremium_close%2Coi%2Civ&symbol=eq.COALINDIA&expiry_date=eq.2026-06-30&strike=gte.213.05&strike=lte.713.05&order=snapshot_date.desc&limit=1000 "HTTP/2 200 OK"
22:35:13 INFO httpx - HTTP Request: POST https://api.anthropic.com/v1/messages "HTTP/1.1 200 OK"
22:35:13 INFO pipeline.deep_analysis - Position sizing verified by Python: lots=1 risk=\u20b96750 rr=3.60
22:35:13 INFO httpx - HTTP Request: POST https://ytlsqyzwoivtmvznojzb.supabase.co/rest/v1/session_claude_turns?on_conflict=session_id%2Cturn_number "HTTP/2 201 Created"
22:35:14 INFO integrations.telegram - Telegram message sent (id=43, silent=True)
22:35:15 INFO httpx - HTTP Request: POST https://ytlsqyzwoivtmvznojzb.supabase.co/rest/v1/watchlist_staging?on_conflict=symbol "HTTP/2 201 Created"
22:35:15 INFO pipeline.claude_session - New watchlist discovery synced: COALINDIA stage=WATCH
22:35:15 INFO pipeline.claude_session - Turn 5 done: COALINDIA stage=WATCH conviction=52 lots=1 rr=3.6 in=18409 out=2427
22:35:15 INFO httpx - HTTP Request: POST https://ytlsqyzwoivtmvznojzb.supabase.co/rest/v1/trade_setups "HTTP/2 400 Bad Request"
22:35:15 ERROR pipeline.claude_session - Failed to save trade setup for COALINDIA: {'message': 'value too long for type character varying(50)', 'code': '22001', 'hint': None, 'details': None}
22:35:15 INFO pipeline.claude_session - Turn 6: deep analysis for EICHERMOT (direction=LONG, re-analysis=True)...
22:35:15 INFO httpx - HTTP Request: GET https://ytlsqyzwoivtmvznojzb.supabase.co/rest/v1/price_history?select=date%2Copen%2Chigh%2Clow%2Cclose%2Cvolume&symbol=eq.EICHERMOT&order=date.desc&limit=250 "HTTP/2 200 OK"
22:35:15 INFO httpx - HTTP Request: GET https://ytlsqyzwoivtmvznojzb.supabase.co/rest/v1/lot_sizes?select=symbol%2Clot_size "HTTP/2 200 OK"
22:35:15 INFO httpx - HTTP Request: GET https://ytlsqyzwoivtmvznojzb.supabase.co/rest/v1/continuous_oi_series?select=%2A&symbol=eq.EICHERMOT&order=date.desc&limit=30 "HTTP/2 200 OK"
22:35:15 INFO httpx - HTTP Request: GET https://ytlsqyzwoivtmvznojzb.supabase.co/rest/v1/options_snapshots?select=%2A&symbol=eq.EICHERMOT&snapshot_date=eq.2026-05-27&expiry_date=eq.2026-06-30&order=strike.asc "HTTP/2 200 OK"
22:35:15 INFO httpx - HTTP Request: GET https://ytlsqyzwoivtmvznojzb.supabase.co/rest/v1/futures_continuous_series?select=%2A&symbol=eq.EICHERMOT&order=date.desc&limit=30 "HTTP/2 200 OK"
22:35:15 INFO httpx - HTTP Request: GET https://ytlsqyzwoivtmvznojzb.supabase.co/rest/v1/trade_setups?select=setup_date%2Cdirection%2Cconviction_score%2Cstage%2Cpaper_outcome%2Csetup_type&symbol=eq.EICHERMOT&order=setup_date.desc&limit=3 "HTTP/2 200 OK"
22:35:15 INFO httpx - HTTP Request: GET https://ytlsqyzwoivtmvznojzb.supabase.co/rest/v1/price_history?select=date%2Copen%2Chigh%2Clow%2Cclose%2Cvolume&symbol=eq.NIFTY+AUTO&order=date.desc&limit=30 "HTTP/2 200 OK"
22:35:15 INFO httpx - HTTP Request: GET https://ytlsqyzwoivtmvznojzb.supabase.co/rest/v1/price_history?select=date%2Copen%2Chigh%2Clow%2Cclose%2Cvolume&symbol=eq.NIFTY_50&order=date.desc&limit=30 "HTTP/2 200 OK"
22:35:15 INFO httpx - HTTP Request: GET https://ytlsqyzwoivtmvznojzb.supabase.co/rest/v1/options_snapshots?select=snapshot_date%2Cstrike%2Coption_type%2Cpremium_close%2Coi%2Civ&symbol=eq.EICHERMOT&expiry_date=eq.2026-06-30&strike=gte.4919.0&strike=lte.9919.0&order=snapshot_date.desc&limit=1000 "HTTP/2 200 OK"
22:36:10 INFO httpx - HTTP Request: POST https://api.anthropic.com/v1/messages "HTTP/1.1 200 OK"
22:36:10 INFO pipeline.deep_analysis - Position sizing verified by Python: lots=1 risk=\u20b98750 rr=2.54
22:36:10 INFO httpx - HTTP Request: POST https://ytlsqyzwoivtmvznojzb.supabase.co/rest/v1/session_claude_turns?on_conflict=session_id%2Cturn_number "HTTP/2 201 Created"
22:36:11 INFO integrations.telegram - Telegram message sent (id=44, silent=True)
22:36:11 INFO httpx - HTTP Request: PATCH https://ytlsqyzwoivtmvznojzb.supabase.co/rest/v1/watchlist_staging?symbol=eq.EICHERMOT "HTTP/2 200 OK"
22:36:12 INFO integrations.telegram - Telegram message sent (id=45, silent=False)
22:36:12 INFO pipeline.claude_session - Watchlist graduation: EICHERMOT
22:36:12 INFO pipeline.claude_session - Turn 6 done: EICHERMOT stage=TRADE_READY conviction=68 lots=1 rr=2.54 in=22393 out=2377
22:36:12 INFO httpx - HTTP Request: POST https://ytlsqyzwoivtmvznojzb.supabase.co/rest/v1/trade_setups "HTTP/2 400 Bad Request"
22:36:12 ERROR pipeline.claude_session - Failed to save trade setup for EICHERMOT: {'message': 'value too long for type character varying(50)', 'code': '22001', 'hint': None, 'details': None}
22:36:12 INFO pipeline.claude_session - Turn 7: deep analysis for HINDALCO (direction=LONG, re-analysis=True)...
22:36:13 INFO httpx - HTTP Request: GET https://ytlsqyzwoivtmvznojzb.supabase.co/rest/v1/price_history?select=date%2Copen%2Chigh%2Clow%2Cclose%2Cvolume&symbol=eq.HINDALCO&order=date.desc&limit=250 "HTTP/2 200 OK"
22:36:13 INFO httpx - HTTP Request: GET https://ytlsqyzwoivtmvznojzb.supabase.co/rest/v1/lot_sizes?select=symbol%2Clot_size "HTTP/2 200 OK"
22:36:13 INFO httpx - HTTP Request: GET https://ytlsqyzwoivtmvznojzb.supabase.co/rest/v1/continuous_oi_series?select=%2A&symbol=eq.HINDALCO&order=date.desc&limit=30 "HTTP/2 200 OK"
22:36:13 INFO httpx - HTTP Request: GET https://ytlsqyzwoivtmvznojzb.supabase.co/rest/v1/options_snapshots?select=%2A&symbol=eq.HINDALCO&snapshot_date=eq.2026-05-27&expiry_date=eq.2026-06-30&order=strike.asc "HTTP/2 200 OK"
22:36:13 INFO httpx - HTTP Request: GET https://ytlsqyzwoivtmvznojzb.supabase.co/rest/v1/futures_continuous_series?select=%2A&symbol=eq.HINDALCO&order=date.desc&limit=30 "HTTP/2 200 OK"
22:36:13 INFO httpx - HTTP Request: GET https://ytlsqyzwoivtmvznojzb.supabase.co/rest/v1/trade_setups?select=setup_date%2Cdirection%2Cconviction_score%2Cstage%2Cpaper_outcome%2Csetup_type&symbol=eq.HINDALCO&order=setup_date.desc&limit=3 "HTTP/2 200 OK"
22:36:13 INFO httpx - HTTP Request: GET https://ytlsqyzwoivtmvznojzb.supabase.co/rest/v1/price_history?select=date%2Copen%2Chigh%2Clow%2Cclose%2Cvolume&symbol=eq.NIFTY+METAL&order=date.desc&limit=30 "HTTP/2 200 OK"
22:36:13 INFO httpx - HTTP Request: GET https://ytlsqyzwoivtmvznojzb.supabase.co/rest/v1/price_history?select=date%2Copen%2Chigh%2Clow%2Cclose%2Cvolume&symbol=eq.NIFTY_50&order=date.desc&limit=30 "HTTP/2 200 OK"
22:36:13 INFO httpx - HTTP Request: GET https://ytlsqyzwoivtmvznojzb.supabase.co/rest/v1/options_snapshots?select=snapshot_date%2Cstrike%2Coption_type%2Cpremium_close%2Coi%2Civ&symbol=eq.HINDALCO&expiry_date=eq.2026-06-30&strike=gte.649.7&strike=lte.1649.7&order=snapshot_date.desc&limit=1000 "HTTP/2 200 OK"
22:37:05 INFO httpx - HTTP Request: POST https://api.anthropic.com/v1/messages "HTTP/1.1 200 OK"
22:37:05 INFO pipeline.deep_analysis - Position sizing verified by Python: lots=1 risk=\u20b914700 rr=2.48
22:37:06 INFO httpx - HTTP Request: POST https://ytlsqyzwoivtmvznojzb.supabase.co/rest/v1/session_claude_turns?on_conflict=session_id%2Cturn_number "HTTP/2 201 Created"
22:37:07 INFO integrations.telegram - Telegram message sent (id=46, silent=True)
22:37:07 INFO httpx - HTTP Request: PATCH https://ytlsqyzwoivtmvznojzb.supabase.co/rest/v1/watchlist_staging?symbol=eq.HINDALCO "HTTP/2 200 OK"
22:37:08 INFO integrations.telegram - Telegram message sent (id=47, silent=False)
22:37:08 INFO pipeline.claude_session - Watchlist graduation: HINDALCO
22:37:08 INFO pipeline.claude_session - Turn 7 done: HINDALCO stage=TRADE_READY conviction=74 lots=1 rr=2.48 in=19319 out=2315
22:37:08 INFO httpx - HTTP Request: POST https://ytlsqyzwoivtmvznojzb.supabase.co/rest/v1/trade_setups "HTTP/2 400 Bad Request"
22:37:08 ERROR pipeline.claude_session - Failed to save trade setup for HINDALCO: {'message': 'value too long for type character varying(50)', 'code': '22001', 'hint': None, 'details': None}
22:37:08 INFO pipeline.claude_session - Turn 8: deep analysis for MAXHEALTH (direction=SHORT, re-analysis=False)...
22:37:08 INFO httpx - HTTP Request: GET https://ytlsqyzwoivtmvznojzb.supabase.co/rest/v1/price_history?select=date%2Copen%2Chigh%2Clow%2Cclose%2Cvolume&symbol=eq.MAXHEALTH&order=date.desc&limit=250 "HTTP/2 200 OK"
22:37:08 INFO httpx - HTTP Request: GET https://ytlsqyzwoivtmvznojzb.supabase.co/rest/v1/lot_sizes?select=symbol%2Clot_size "HTTP/2 200 OK"
22:37:08 INFO httpx - HTTP Request: GET https://ytlsqyzwoivtmvznojzb.supabase.co/rest/v1/continuous_oi_series?select=%2A&symbol=eq.MAXHEALTH&order=date.desc&limit=30 "HTTP/2 200 OK"
22:37:08 INFO httpx - HTTP Request: GET https://ytlsqyzwoivtmvznojzb.supabase.co/rest/v1/options_snapshots?select=%2A&symbol=eq.MAXHEALTH&snapshot_date=eq.2026-05-27&expiry_date=eq.2026-06-30&order=strike.asc "HTTP/2 200 OK"
22:37:08 INFO httpx - HTTP Request: GET https://ytlsqyzwoivtmvznojzb.supabase.co/rest/v1/futures_continuous_series?select=%2A&symbol=eq.MAXHEALTH&order=date.desc&limit=30 "HTTP/2 200 OK"
22:37:08 INFO httpx - HTTP Request: GET https://ytlsqyzwoivtmvznojzb.supabase.co/rest/v1/trade_setups?select=setup_date%2Cdirection%2Cconviction_score%2Cstage%2Cpaper_outcome%2Csetup_type&symbol=eq.MAXHEALTH&order=setup_date.desc&limit=3 "HTTP/2 200 OK"
22:37:09 INFO httpx - HTTP Request: GET https://ytlsqyzwoivtmvznojzb.supabase.co/rest/v1/price_history?select=date%2Copen%2Chigh%2Clow%2Cclose%2Cvolume&symbol=eq.NIFTY+PHARMA&order=date.desc&limit=30 "HTTP/2 200 OK"
22:37:09 INFO httpx - HTTP Request: GET https://ytlsqyzwoivtmvznojzb.supabase.co/rest/v1/price_history?select=date%2Copen%2Chigh%2Clow%2Cclose%2Cvolume&symbol=eq.NIFTY_50&order=date.desc&limit=30 "HTTP/2 200 OK"
22:37:09 INFO httpx - HTTP Request: GET https://ytlsqyzwoivtmvznojzb.supabase.co/rest/v1/options_snapshots?select=snapshot_date%2Cstrike%2Coption_type%2Cpremium_close%2Coi%2Civ&symbol=eq.MAXHEALTH&expiry_date=eq.2026-06-30&strike=gte.743.45&strike=lte.1243.45&order=snapshot_date.desc&limit=1000 "HTTP/2 200 OK"
22:38:08 INFO httpx - HTTP Request: POST https://api.anthropic.com/v1/messages "HTTP/1.1 200 OK"
22:38:08 INFO pipeline.deep_analysis - Position sizing verified by Python: lots=1 risk=\u20b98138 rr=3.13
22:38:08 INFO httpx - HTTP Request: POST https://ytlsqyzwoivtmvznojzb.supabase.co/rest/v1/session_claude_turns?on_conflict=session_id%2Cturn_number "HTTP/2 201 Created"
22:38:10 INFO integrations.telegram - Telegram message sent (id=48, silent=True)
22:38:10 INFO httpx - HTTP Request: POST https://ytlsqyzwoivtmvznojzb.supabase.co/rest/v1/watchlist_staging?on_conflict=symbol "HTTP/2 201 Created"
22:38:10 INFO pipeline.claude_session - New watchlist discovery synced: MAXHEALTH stage=WATCH
22:38:10 INFO pipeline.claude_session - Turn 8 done: MAXHEALTH stage=WATCH conviction=52 lots=1 rr=3.13 in=21263 out=2676
22:38:10 INFO httpx - HTTP Request: POST https://ytlsqyzwoivtmvznojzb.supabase.co/rest/v1/trade_setups "HTTP/2 201 Created"
22:38:10 INFO pipeline.claude_session - Trade setup saved: MAXHEALTH stage=WATCH id=10d4524a-ba08-482f-9d3d-ab7e2f7611b3
22:38:10 INFO pipeline.claude_session - Turn 9: deep analysis for TMPV (direction=LONG, re-analysis=True)...
22:38:10 INFO httpx - HTTP Request: GET https://ytlsqyzwoivtmvznojzb.supabase.co/rest/v1/price_history?select=date%2Copen%2Chigh%2Clow%2Cclose%2Cvolume&symbol=eq.TMPV&order=date.desc&limit=250 "HTTP/2 200 OK"
22:38:10 INFO httpx - HTTP Request: GET https://ytlsqyzwoivtmvznojzb.supabase.co/rest/v1/lot_sizes?select=symbol%2Clot_size "HTTP/2 200 OK"
22:38:10 INFO httpx - HTTP Request: GET https://ytlsqyzwoivtmvznojzb.supabase.co/rest/v1/continuous_oi_series?select=%2A&symbol=eq.TMPV&order=date.desc&limit=30 "HTTP/2 200 OK"
22:38:10 INFO httpx - HTTP Request: GET https://ytlsqyzwoivtmvznojzb.supabase.co/rest/v1/options_snapshots?select=%2A&symbol=eq.TMPV&snapshot_date=eq.2026-05-27&expiry_date=eq.2026-06-30&order=strike.asc "HTTP/2 200 OK"
22:38:10 INFO httpx - HTTP Request: GET https://ytlsqyzwoivtmvznojzb.supabase.co/rest/v1/futures_continuous_series?select=%2A&symbol=eq.TMPV&order=date.desc&limit=30 "HTTP/2 200 OK"
22:38:10 INFO httpx - HTTP Request: GET https://ytlsqyzwoivtmvznojzb.supabase.co/rest/v1/trade_setups?select=setup_date%2Cdirection%2Cconviction_score%2Cstage%2Cpaper_outcome%2Csetup_type&symbol=eq.TMPV&order=setup_date.desc&limit=3 "HTTP/2 200 OK"
22:38:10 INFO httpx - HTTP Request: GET https://ytlsqyzwoivtmvznojzb.supabase.co/rest/v1/price_history?select=date%2Copen%2Chigh%2Clow%2Cclose%2Cvolume&symbol=eq.NIFTY+AUTO&order=date.desc&limit=30 "HTTP/2 200 OK"
22:38:10 INFO httpx - HTTP Request: GET https://ytlsqyzwoivtmvznojzb.supabase.co/rest/v1/price_history?select=date%2Copen%2Chigh%2Clow%2Cclose%2Cvolume&symbol=eq.NIFTY_50&order=date.desc&limit=30 "HTTP/2 200 OK"
22:38:10 INFO httpx - HTTP Request: GET https://ytlsqyzwoivtmvznojzb.supabase.co/rest/v1/options_snapshots?select=snapshot_date%2Cstrike%2Coption_type%2Cpremium_close%2Coi%2Civ&symbol=eq.TMPV&expiry_date=eq.2026-06-30&strike=gte.150.95&strike=lte.650.95&order=snapshot_date.desc&limit=1000 "HTTP/2 200 OK"
22:39:05 INFO httpx - HTTP Request: POST https://api.anthropic.com/v1/messages "HTTP/1.1 200 OK"
22:39:05 INFO pipeline.deep_analysis - Position sizing verified by Python: lots=2 risk=\u20b911200 rr=2.79
22:39:05 INFO httpx - HTTP Request: POST https://ytlsqyzwoivtmvznojzb.supabase.co/rest/v1/session_claude_turns?on_conflict=session_id%2Cturn_number "HTTP/2 201 Created"
22:39:07 INFO integrations.telegram - Telegram message sent (id=49, silent=True)
22:39:07 INFO httpx - HTTP Request: PATCH https://ytlsqyzwoivtmvznojzb.supabase.co/rest/v1/watchlist_staging?symbol=eq.TMPV "HTTP/2 200 OK"
22:39:07 INFO pipeline.claude_session - Watchlist maintenance: TMPV (Day 1)
22:39:07 INFO pipeline.claude_session - Turn 9 done: TMPV stage=WATCH conviction=58 lots=2 rr=2.79 in=17963 out=2436
22:39:07 INFO httpx - HTTP Request: POST https://ytlsqyzwoivtmvznojzb.supabase.co/rest/v1/trade_setups "HTTP/2 400 Bad Request"
22:39:07 ERROR pipeline.claude_session - Failed to save trade setup for TMPV: {'message': 'value too long for type character varying(50)', 'code': '22001', 'hint': None, 'details': None}
22:39:07 INFO pipeline.claude_session - Turn 10: deep analysis for APOLLOHOSP (direction=LONG, re-analysis=True)...
22:39:07 INFO httpx - HTTP Request: GET https://ytlsqyzwoivtmvznojzb.supabase.co/rest/v1/price_history?select=date%2Copen%2Chigh%2Clow%2Cclose%2Cvolume&symbol=eq.APOLLOHOSP&order=date.desc&limit=250 "HTTP/2 200 OK"
22:39:07 INFO httpx - HTTP Request: GET https://ytlsqyzwoivtmvznojzb.supabase.co/rest/v1/lot_sizes?select=symbol%2Clot_size "HTTP/2 200 OK"
22:39:07 INFO httpx - HTTP Request: GET https://ytlsqyzwoivtmvznojzb.supabase.co/rest/v1/continuous_oi_series?select=%2A&symbol=eq.APOLLOHOSP&order=date.desc&limit=30 "HTTP/2 200 OK"
22:39:07 INFO httpx - HTTP Request: GET https://ytlsqyzwoivtmvznojzb.supabase.co/rest/v1/options_snapshots?select=%2A&symbol=eq.APOLLOHOSP&snapshot_date=eq.2026-05-27&expiry_date=eq.2026-06-30&order=strike.asc "HTTP/2 200 OK"
22:39:07 INFO httpx - HTTP Request: GET https://ytlsqyzwoivtmvznojzb.supabase.co/rest/v1/futures_continuous_series?select=%2A&symbol=eq.APOLLOHOSP&order=date.desc&limit=30 "HTTP/2 200 OK"
22:39:07 INFO httpx - HTTP Request: GET https://ytlsqyzwoivtmvznojzb.supabase.co/rest/v1/trade_setups?select=setup_date%2Cdirection%2Cconviction_score%2Cstage%2Cpaper_outcome%2Csetup_type&symbol=eq.APOLLOHOSP&order=setup_date.desc&limit=3 "HTTP/2 200 OK"
22:39:07 INFO httpx - HTTP Request: GET https://ytlsqyzwoivtmvznojzb.supabase.co/rest/v1/price_history?select=date%2Copen%2Chigh%2Clow%2Cclose%2Cvolume&symbol=eq.NIFTY+PHARMA&order=date.desc&limit=30 "HTTP/2 200 OK"
22:39:07 INFO httpx - HTTP Request: GET https://ytlsqyzwoivtmvznojzb.supabase.co/rest/v1/price_history?select=date%2Copen%2Chigh%2Clow%2Cclose%2Cvolume&symbol=eq.NIFTY_50&order=date.desc&limit=30 "HTTP/2 200 OK"
22:39:07 INFO httpx - HTTP Request: GET https://ytlsqyzwoivtmvznojzb.supabase.co/rest/v1/options_snapshots?select=snapshot_date%2Cstrike%2Coption_type%2Cpremium_close%2Coi%2Civ&symbol=eq.APOLLOHOSP&expiry_date=eq.2026-06-30&strike=gte.5772.5&strike=lte.10772.5&order=snapshot_date.desc&limit=1000 "HTTP/2 200 OK"
22:40:03 INFO httpx - HTTP Request: POST https://api.anthropic.com/v1/messages "HTTP/1.1 200 OK"
22:40:03 INFO pipeline.deep_analysis - Position sizing verified by Python: lots=1 risk=\u20b912188 rr=2.13
22:40:03 INFO httpx - HTTP Request: POST https://ytlsqyzwoivtmvznojzb.supabase.co/rest/v1/session_claude_turns?on_conflict=session_id%2Cturn_number "HTTP/2 201 Created"
22:40:04 INFO integrations.telegram - Telegram message sent (id=50, silent=True)
22:40:04 INFO httpx - HTTP Request: PATCH https://ytlsqyzwoivtmvznojzb.supabase.co/rest/v1/watchlist_staging?symbol=eq.APOLLOHOSP "HTTP/2 200 OK"
22:40:05 INFO integrations.telegram - Telegram message sent (id=51, silent=False)
22:40:05 INFO pipeline.claude_session - Watchlist graduation: APOLLOHOSP
22:40:05 INFO pipeline.claude_session - Turn 10 done: APOLLOHOSP stage=TRADE_READY conviction=68 lots=1 rr=2.13 in=22702 out=2512
22:40:05 INFO httpx - HTTP Request: POST https://ytlsqyzwoivtmvznojzb.supabase.co/rest/v1/trade_setups "HTTP/2 400 Bad Request"
22:40:05 ERROR pipeline.claude_session - Failed to save trade setup for APOLLOHOSP: {'message': 'value too long for type character varying(50)', 'code': '22001', 'hint': None, 'details': None}
22:40:05 INFO pipeline.claude_session - Turn 11: deep analysis for BAJAJ-AUTO (direction=LONG, re-analysis=False)...
22:40:05 INFO httpx - HTTP Request: GET https://ytlsqyzwoivtmvznojzb.supabase.co/rest/v1/price_history?select=date%2Copen%2Chigh%2Clow%2Cclose%2Cvolume&symbol=eq.BAJAJ-AUTO&order=date.desc&limit=250 "HTTP/2 200 OK"
22:40:05 INFO httpx - HTTP Request: GET https://ytlsqyzwoivtmvznojzb.supabase.co/rest/v1/lot_sizes?select=symbol%2Clot_size "HTTP/2 200 OK"
22:40:05 INFO pipeline.deep_analysis - Lot size missing for BAJAJ-AUTO — trying Kite instruments master
22:40:05 INFO httpx - HTTP Request: GET https://ytlsqyzwoivtmvznojzb.supabase.co/rest/v1/kite_tokens?select=%2A&user_id=eq.primary "HTTP/2 200 OK"
22:40:07 INFO httpx - HTTP Request: POST https://ytlsqyzwoivtmvznojzb.supabase.co/rest/v1/lot_sizes?on_conflict=symbol "HTTP/2 201 Created"
22:40:07 INFO pipeline.deep_analysis - Lot size fetched from Kite: BAJAJ-AUTO = 75 (cached)
22:40:07 INFO httpx - HTTP Request: GET https://ytlsqyzwoivtmvznojzb.supabase.co/rest/v1/continuous_oi_series?select=%2A&symbol=eq.BAJAJ-AUTO&order=date.desc&limit=30 "HTTP/2 200 OK"
22:40:07 INFO httpx - HTTP Request: GET https://ytlsqyzwoivtmvznojzb.supabase.co/rest/v1/options_snapshots?select=%2A&symbol=eq.BAJAJ-AUTO&snapshot_date=eq.2026-05-27&expiry_date=eq.2026-06-30&order=strike.asc "HTTP/2 200 OK"
22:40:07 INFO httpx - HTTP Request: GET https://ytlsqyzwoivtmvznojzb.supabase.co/rest/v1/futures_continuous_series?select=%2A&symbol=eq.BAJAJ-AUTO&order=date.desc&limit=30 "HTTP/2 200 OK"
22:40:07 INFO httpx - HTTP Request: GET https://ytlsqyzwoivtmvznojzb.supabase.co/rest/v1/trade_setups?select=setup_date%2Cdirection%2Cconviction_score%2Cstage%2Cpaper_outcome%2Csetup_type&symbol=eq.BAJAJ-AUTO&order=setup_date.desc&limit=3 "HTTP/2 200 OK"
22:40:07 INFO httpx - HTTP Request: GET https://ytlsqyzwoivtmvznojzb.supabase.co/rest/v1/price_history?select=date%2Copen%2Chigh%2Clow%2Cclose%2Cvolume&symbol=eq.NIFTY+AUTO&order=date.desc&limit=30 "HTTP/2 200 OK"
22:40:07 INFO httpx - HTTP Request: GET https://ytlsqyzwoivtmvznojzb.supabase.co/rest/v1/price_history?select=date%2Copen%2Chigh%2Clow%2Cclose%2Cvolume&symbol=eq.NIFTY_50&order=date.desc&limit=30 "HTTP/2 200 OK"
22:40:07 INFO httpx - HTTP Request: GET https://ytlsqyzwoivtmvznojzb.supabase.co/rest/v1/options_snapshots?select=snapshot_date%2Cstrike%2Coption_type%2Cpremium_close%2Coi%2Civ&symbol=eq.BAJAJ-AUTO&expiry_date=eq.2026-06-30&strike=gte.5808.5&strike=lte.15808.5&order=snapshot_date.desc&limit=1000 "HTTP/2 200 OK"
22:40:54 INFO httpx - HTTP Request: POST https://api.anthropic.com/v1/messages "HTTP/1.1 200 OK"
22:40:54 INFO pipeline.deep_analysis - Position sizing verified by Python: lots=1 risk=\u20b96750 rr=3.44
22:40:55 INFO httpx - HTTP Request: POST https://ytlsqyzwoivtmvznojzb.supabase.co/rest/v1/session_claude_turns?on_conflict=session_id%2Cturn_number "HTTP/2 201 Created"
22:40:56 INFO integrations.telegram - Telegram message sent (id=52, silent=True)
22:40:56 INFO httpx - HTTP Request: POST https://ytlsqyzwoivtmvznojzb.supabase.co/rest/v1/watchlist_staging?on_conflict=symbol "HTTP/2 201 Created"
22:40:56 INFO pipeline.claude_session - New watchlist discovery synced: BAJAJ-AUTO stage=WATCH
22:40:56 INFO pipeline.claude_session - Turn 11 done: BAJAJ-AUTO stage=WATCH conviction=58 lots=1 rr=3.44 in=19980 out=2173
22:40:56 INFO httpx - HTTP Request: POST https://ytlsqyzwoivtmvznojzb.supabase.co/rest/v1/trade_setups "HTTP/2 400 Bad Request"
22:40:56 ERROR pipeline.claude_session - Failed to save trade setup for BAJAJ-AUTO: {'message': 'value too long for type character varying(50)', 'code': '22001', 'hint': None, 'details': None}
22:40:56 INFO pipeline.claude_session - Turn 12: deep analysis for HDFCBANK (direction=SHORT, re-analysis=False)...
22:40:56 INFO httpx - HTTP Request: GET https://ytlsqyzwoivtmvznojzb.supabase.co/rest/v1/price_history?select=date%2Copen%2Chigh%2Clow%2Cclose%2Cvolume&symbol=eq.HDFCBANK&order=date.desc&limit=250 "HTTP/2 200 OK"
22:40:56 INFO httpx - HTTP Request: GET https://ytlsqyzwoivtmvznojzb.supabase.co/rest/v1/lot_sizes?select=symbol%2Clot_size "HTTP/2 200 OK"
22:40:56 INFO httpx - HTTP Request: GET https://ytlsqyzwoivtmvznojzb.supabase.co/rest/v1/continuous_oi_series?select=%2A&symbol=eq.HDFCBANK&order=date.desc&limit=30 "HTTP/2 200 OK"
22:40:56 INFO httpx - HTTP Request: GET https://ytlsqyzwoivtmvznojzb.supabase.co/rest/v1/options_snapshots?select=%2A&symbol=eq.HDFCBANK&snapshot_date=eq.2026-05-27&expiry_date=eq.2026-06-30&order=strike.asc "HTTP/2 200 OK"
22:40:56 INFO httpx - HTTP Request: GET https://ytlsqyzwoivtmvznojzb.supabase.co/rest/v1/futures_continuous_series?select=%2A&symbol=eq.HDFCBANK&order=date.desc&limit=30 "HTTP/2 200 OK"
22:40:56 INFO httpx - HTTP Request: GET https://ytlsqyzwoivtmvznojzb.supabase.co/rest/v1/trade_setups?select=setup_date%2Cdirection%2Cconviction_score%2Cstage%2Cpaper_outcome%2Csetup_type&symbol=eq.HDFCBANK&order=setup_date.desc&limit=3 "HTTP/2 200 OK"
22:40:56 INFO httpx - HTTP Request: GET https://ytlsqyzwoivtmvznojzb.supabase.co/rest/v1/price_history?select=date%2Copen%2Chigh%2Clow%2Cclose%2Cvolume&symbol=eq.NIFTY+BANK&order=date.desc&limit=30 "HTTP/2 200 OK"
22:40:56 INFO httpx - HTTP Request: GET https://ytlsqyzwoivtmvznojzb.supabase.co/rest/v1/price_history?select=date%2Copen%2Chigh%2Clow%2Cclose%2Cvolume&symbol=eq.NIFTY_50&order=date.desc&limit=30 "HTTP/2 200 OK"
22:40:56 INFO httpx - HTTP Request: GET https://ytlsqyzwoivtmvznojzb.supabase.co/rest/v1/options_snapshots?select=snapshot_date%2Cstrike%2Coption_type%2Cpremium_close%2Coi%2Civ&symbol=eq.HDFCBANK&expiry_date=eq.2026-06-30&strike=gte.508.65&strike=lte.1008.65&order=snapshot_date.desc&limit=1000 "HTTP/2 200 OK"
22:41:56 INFO httpx - HTTP Request: POST https://api.anthropic.com/v1/messages "HTTP/1.1 200 OK"
22:41:56 INFO pipeline.deep_analysis - Position sizing verified by Python: lots=1 risk=\u20b96600 rr=2.67
22:41:56 INFO httpx - HTTP Request: POST https://ytlsqyzwoivtmvznojzb.supabase.co/rest/v1/session_claude_turns?on_conflict=session_id%2Cturn_number "HTTP/2 201 Created"
22:41:57 INFO integrations.telegram - Telegram message sent (id=53, silent=True)
22:41:57 INFO httpx - HTTP Request: POST https://ytlsqyzwoivtmvznojzb.supabase.co/rest/v1/watchlist_staging?on_conflict=symbol "HTTP/2 201 Created"
22:41:57 INFO pipeline.claude_session - New watchlist discovery synced: HDFCBANK stage=WATCH
22:41:57 INFO pipeline.claude_session - Turn 12 done: HDFCBANK stage=WATCH conviction=52 lots=1 rr=2.67 in=21478 out=2659
22:41:57 INFO httpx - HTTP Request: POST https://ytlsqyzwoivtmvznojzb.supabase.co/rest/v1/trade_setups "HTTP/2 400 Bad Request"
22:41:57 ERROR pipeline.claude_session - Failed to save trade setup for HDFCBANK: {'message': 'value too long for type character varying(50)', 'code': '22001', 'hint': None, 'details': None}
22:41:57 INFO pipeline.claude_session - Turn 13: deep analysis for LT (direction=LONG, re-analysis=False)...
22:41:57 INFO httpx - HTTP Request: GET https://ytlsqyzwoivtmvznojzb.supabase.co/rest/v1/price_history?select=date%2Copen%2Chigh%2Clow%2Cclose%2Cvolume&symbol=eq.LT&order=date.desc&limit=250 "HTTP/2 200 OK"
22:41:58 INFO httpx - HTTP Request: GET https://ytlsqyzwoivtmvznojzb.supabase.co/rest/v1/lot_sizes?select=symbol%2Clot_size "HTTP/2 200 OK"
22:41:58 INFO pipeline.deep_analysis - Lot size missing for LT — trying Kite instruments master
22:41:58 INFO httpx - HTTP Request: GET https://ytlsqyzwoivtmvznojzb.supabase.co/rest/v1/kite_tokens?select=%2A&user_id=eq.primary "HTTP/2 200 OK"
22:41:59 INFO httpx - HTTP Request: POST https://ytlsqyzwoivtmvznojzb.supabase.co/rest/v1/lot_sizes?on_conflict=symbol "HTTP/2 201 Created"
22:41:59 INFO pipeline.deep_analysis - Lot size fetched from Kite: LT = 175 (cached)
22:41:59 INFO httpx - HTTP Request: GET https://ytlsqyzwoivtmvznojzb.supabase.co/rest/v1/continuous_oi_series?select=%2A&symbol=eq.LT&order=date.desc&limit=30 "HTTP/2 200 OK"
22:41:59 INFO httpx - HTTP Request: GET https://ytlsqyzwoivtmvznojzb.supabase.co/rest/v1/options_snapshots?select=%2A&symbol=eq.LT&snapshot_date=eq.2026-05-27&expiry_date=eq.2026-06-30&order=strike.asc "HTTP/2 200 OK"
22:41:59 INFO httpx - HTTP Request: GET https://ytlsqyzwoivtmvznojzb.supabase.co/rest/v1/futures_continuous_series?select=%2A&symbol=eq.LT&order=date.desc&limit=30 "HTTP/2 200 OK"
22:42:00 INFO httpx - HTTP Request: GET https://ytlsqyzwoivtmvznojzb.supabase.co/rest/v1/trade_setups?select=setup_date%2Cdirection%2Cconviction_score%2Cstage%2Cpaper_outcome%2Csetup_type&symbol=eq.LT&order=setup_date.desc&limit=3 "HTTP/2 200 OK"
22:42:00 INFO httpx - HTTP Request: GET https://ytlsqyzwoivtmvznojzb.supabase.co/rest/v1/price_history?select=date%2Copen%2Chigh%2Clow%2Cclose%2Cvolume&symbol=eq.NIFTY+INFRA&order=date.desc&limit=30 "HTTP/2 200 OK"
22:42:00 INFO httpx - HTTP Request: GET https://ytlsqyzwoivtmvznojzb.supabase.co/rest/v1/price_history?select=date%2Copen%2Chigh%2Clow%2Cclose%2Cvolume&symbol=eq.NIFTY_50&order=date.desc&limit=30 "HTTP/2 200 OK"
22:42:00 INFO httpx - HTTP Request: GET https://ytlsqyzwoivtmvznojzb.supabase.co/rest/v1/options_snapshots?select=snapshot_date%2Cstrike%2Coption_type%2Cpremium_close%2Coi%2Civ&symbol=eq.LT&expiry_date=eq.2026-06-30&strike=gte.2047.5&strike=lte.6047.5&order=snapshot_date.desc&limit=1000 "HTTP/2 200 OK"
22:42:55 INFO httpx - HTTP Request: POST https://api.anthropic.com/v1/messages "HTTP/1.1 200 OK"
22:42:55 INFO pipeline.deep_analysis - Position sizing verified by Python: lots=1 risk=\u20b99538 rr=2.54
22:42:55 INFO httpx - HTTP Request: POST https://ytlsqyzwoivtmvznojzb.supabase.co/rest/v1/session_claude_turns?on_conflict=session_id%2Cturn_number "HTTP/2 201 Created"
22:42:56 INFO integrations.telegram - Telegram message sent (id=54, silent=True)
22:42:56 INFO httpx - HTTP Request: POST https://ytlsqyzwoivtmvznojzb.supabase.co/rest/v1/watchlist_staging?on_conflict=symbol "HTTP/2 201 Created"
22:42:56 INFO pipeline.claude_session - New watchlist discovery synced: LT stage=TRADE_READY
22:42:56 INFO pipeline.claude_session - Turn 13 done: LT stage=TRADE_READY conviction=68 lots=1 rr=2.54 in=22837 out=2435
22:42:56 INFO httpx - HTTP Request: POST https://ytlsqyzwoivtmvznojzb.supabase.co/rest/v1/trade_setups "HTTP/2 400 Bad Request"
22:42:56 ERROR pipeline.claude_session - Failed to save trade setup for LT: {'message': 'value too long for type character varying(50)', 'code': '22001', 'hint': None, 'details': None}
22:42:57 INFO httpx - HTTP Request: PATCH https://ytlsqyzwoivtmvznojzb.supabase.co/rest/v1/analysis_sessions?session_id=eq.SESSION_20260527 "HTTP/2 200 OK"
22:42:57 INFO pipeline.claude_session - Session complete: turns=13 in=222448 out=35040 cost=$1.1929 | TRADE_READY=5 WATCH=6 ON_RADAR=0 SKIP=0
22:42:57 INFO httpx - HTTP Request: GET https://ytlsqyzwoivtmvznojzb.supabase.co/rest/v1/fii_dii_flows?select=%2A&order=date.desc&limit=1 "HTTP/2 200 OK"
22:42:57 INFO pipeline.claude_session - Session cost JSON written: C:\Users\29abh\Projects\Trading\daily-ai-market-analyzer\logs\session_cost_20260527.json (total=$1.1929)
22:42:57 INFO httpx - HTTP Request: GET https://ytlsqyzwoivtmvznojzb.supabase.co/rest/v1/trade_setups?select=id&setup_date=eq.2026-05-27&created_at=gte.2026-05-27T22%3A29%3A27.718031%2B05%3A30&limit=1 "HTTP/2 200 OK"
22:42:57 WARNING pipeline.orchestrator - DB VALIDATION WARNING: Pipeline reported 11 setups but only 1 NEW setups found in DB
22:42:57 INFO httpx - HTTP Request: GET https://ytlsqyzwoivtmvznojzb.supabase.co/rest/v1/system_config?select=key%2Cvalue "HTTP/2 200 OK"
22:42:57 INFO httpx - HTTP Request: GET https://ytlsqyzwoivtmvznojzb.supabase.co/rest/v1/session_claude_turns?select=input_tokens%2Coutput_tokens&completed_at=gte.2026-05-01 "HTTP/2 200 OK"
22:42:57 INFO httpx - HTTP Request: GET https://ytlsqyzwoivtmvznojzb.supabase.co/rest/v1/system_config?select=value&key=eq.dashboard_url "HTTP/2 200 OK"
22:42:58 INFO integrations.telegram - Telegram message sent (id=55, silent=True)
22:42:58 INFO pipeline.orchestrator - Pipeline complete: SESSION_20260527 | cost=$1.1929 | forwarded=9
22:42:58 INFO httpx - HTTP Request: GET https://ytlsqyzwoivtmvznojzb.supabase.co/rest/v1/trade_setups?select=%2A&setup_date=eq.2026-05-27&order=conviction_score.desc "HTTP/2 200 OK"
22:42:58 INFO httpx - HTTP Request: GET https://ytlsqyzwoivtmvznojzb.supabase.co/rest/v1/trade_setups?select=%2A&entry_triggered=eq.True&paper_outcome=is.null "HTTP/2 200 OK"
22:42:58 INFO pipeline.paper_trade_engine - Paper trade engine complete: 1 entries checked, 0 exits checked, 0 errors
22:42:58 INFO httpx - HTTP Request: GET https://ytlsqyzwoivtmvznojzb.supabase.co/rest/v1/trade_setups?select=%2A&setup_date=eq.2026-05-27&order=conviction_score.desc "HTTP/2 200 OK"
22:42:58 INFO httpx - HTTP Request: GET https://ytlsqyzwoivtmvznojzb.supabase.co/rest/v1/analysis_sessions?select=market_regime%2Cnifty_close%2Cvix_close%2Cfii_net_flow_cr%2Csession_date%2Cstatus&session_date=lte.2026-05-27&order=session_date.desc&limit=1 "HTTP/2 200 OK"
22:42:58 INFO httpx - HTTP Request: GET https://ytlsqyzwoivtmvznojzb.supabase.co/rest/v1/fii_dii_flows?select=%2A&order=date.desc&limit=1 "HTTP/2 200 OK"
22:42:58 INFO httpx - HTTP Request: GET https://ytlsqyzwoivtmvznojzb.supabase.co/rest/v1/system_config?select=value&key=eq.dashboard_url "HTTP/2 200 OK"
22:42:58 INFO httpx - HTTP Request: GET https://ytlsqyzwoivtmvznojzb.supabase.co/rest/v1/watchlist_staging?select=%2A&order=days_in_stage.desc "HTTP/2 200 OK"
22:42:58 INFO httpx - HTTP Request: GET https://ytlsqyzwoivtmvznojzb.supabase.co/rest/v1/lot_sizes?select=symbol%2Clot_size "HTTP/2 200 OK"
22:42:58 INFO httpx - HTTP Request: GET https://ytlsqyzwoivtmvznojzb.supabase.co/rest/v1/trade_setups?select=setup_date%2Cdirection%2Cconviction_score%2Cstage%2Cpaper_outcome%2Csetup_type&symbol=eq.MAXHEALTH&order=setup_date.desc&limit=2 "HTTP/2 200 OK"
22:42:58 INFO httpx - HTTP Request: GET https://ytlsqyzwoivtmvznojzb.supabase.co/rest/v1/system_config?select=value&key=eq.dashboard_url "HTTP/2 200 OK"
22:42:58 INFO pipeline.morning_brief - Morning brief built: 0 TRADE_READY, 1 WATCH | msg1=389 chars, msg2=211 chars
22:42:59 INFO integrations.telegram - Telegram message sent (id=56, silent=False)
22:43:02 INFO integrations.telegram - Telegram message sent (id=57, silent=True)
Paper trade engine: {'entries_checked': 1, 'exits_checked': 0, 'errors': []}
